"HLA-C Ambiguities, Release 2.28.0",,,,,,,
,,,,,,,
"Sequences identical over exons 2+3",,,,,,,
,,,,,,,
"Allele 1","Allele 2","Allele 3","Allele 4","Allele 5","Allele 6","Allele 7","Code in table"
" "," "," "," "," "," "," "," "
Cw*010201,Cw*010202,Cw*0125," "," "," "," ",Cw*010201/010202/0125
Cw*0103,Cw*0124," "," "," "," "," ",Cw*0103/0124
Cw*020202,Cw*0229," "," "," "," "," ",Cw*020202/0229
Cw*030201,Cw*030202,Cw*030203," "," "," "," ",Cw*0302G1
Cw*030301,Cw*0320N,Cw*0362," "," "," "," ",Cw*03G2
Cw*03040101,Cw*03040102,Cw*030403," "," "," "," ",Cw*030401/030403
Cw*04010101,Cw*04010102,Cw*04010103,Cw*0409N,Cw*0428,Cw*0430,Cw*0441,Cw*04G1
Cw*05010101,Cw*05010102,Cw*050104,Cw*050105,Cw*0503," "," ",Cw*05G1
Cw*06020101,Cw*06020102,Cw*060203," "," "," "," ",Cw*060201/060203
Cw*070101,Cw*070102,Cw*070109,Cw*0706,Cw*0718,Cw*0752," ",Cw*07G1
Cw*07020101,Cw*07020102,Cw*07020103,Cw*0750,Cw*0766,Cw*0774," ",Cw*07G2
Cw*070401,Cw*0711," "," "," "," "," ",Cw*070401/0711
Cw*080101,Cw*0820,Cw*0822,Cw*0824," "," "," ",Cw*08G1
Cw*120201,Cw*120202," "," "," "," "," ",Cw*120201/120202
Cw*12030101,Cw*12030102,Cw*120306,Cw*1223," "," "," ",Cw*12G1
Cw*150201,Cw*1513," "," "," "," "," ",Cw*150201/1513
Cw*150501,Cw*150502,Cw*150503," "," "," "," ",Cw*1505G1
Cw*17010101,Cw*17010102,Cw*1702,Cw*1703," "," "," ",Cw*17G1
Cw*1801,Cw*1802," "," "," "," "," ",Cw*1801/1802
" "," "," "," "," "," "," "," "
" ",,,,,,,
"Alleles extended due to unsequenced regions",,,,,,,
" ",,,,,,,
"The following alleles do not contain the complete exon 2 + 3 sequence. For these alleles, the sequence of an alternate allele has been used to extend the sequence to cover this region.",,,,,,,
" ",,,,,,,
"Incomplete allele","Sequence extended with",,,,,,
" "," ",,,,,,
Cw*0765,Cw*0760,,,,,,
" "," ",,,,,,
" ",,,,,,,
"Alleles removed from analysis due to insertions or deletions",,,,,,,
" ",,,,,,,
Allele,,,,,,,
" ",,,,,,,
Cw*0346,,,,,,,
Cw*0507N,,,,,,,
Cw*0616N,,,,,,,
Cw*0732N,,,,,,,
Cw*0733N,,,,,,,
" ",,,,,,,
" ",,,,,,,
"Ambiguous typing combinations over exon 2 + 3",,,,,,,
" ",,,,,,,
"Combination 1","Combination 2","Combination 3","Combination 4","Combination 5","Combination 6","Combination 7",
" "," "," "," "," "," "," ",
Cw*010201/010202/0125+Cw*020202/0229,Cw*0114+Cw*0227,,,,,,
Cw*010201/010202/0125+Cw*0203,Cw*0106+Cw*021602,,,,,,
Cw*010201/010202/0125+Cw*0228,Cw*0106+Cw*020202/0229,,,,,,
Cw*010201/010202/0125+Cw*0302G1,Cw*010206+Cw*030206,,,,,,
Cw*010201/010202/0125+Cw*03G2,Cw*010204+Cw*030310,Cw*010206+Cw*030309,Cw*0122+Cw*0349,,,,
Cw*010201/010202/0125+Cw*030307,Cw*010208+Cw*03G2,,,,,,
Cw*010201/010202/0125+Cw*030401/030403,Cw*010206+Cw*030410,Cw*0122+Cw*0328,,,,,
Cw*010201/010202/0125+Cw*0307,Cw*0114+Cw*030401/030403,,,,,,
Cw*010201/010202/0125+Cw*0323,Cw*0107+Cw*030401/030403,,,,,,
Cw*010201/010202/0125+Cw*0327,Cw*0117+Cw*0305,,,,,,
Cw*010201/010202/0125+Cw*0336,Cw*0106+Cw*0302G1,,,,,,
Cw*010201/010202/0125+Cw*033801,Cw*0117+Cw*030402,,,,,,
Cw*010201/010202/0125+Cw*033802,Cw*0117+Cw*030401/030403,,,,,,
Cw*010201/010202/0125+Cw*0345,Cw*0114+Cw*0332,,,,,,
Cw*010201/010202/0125+Cw*0351,Cw*0130+Cw*030401/030403,,,,,,
Cw*010201/010202/0125+Cw*0359,Cw*0128+Cw*03G2,,,,,,
Cw*010201/010202/0125+Cw*0369,Cw*0117+Cw*03G2,,,,,,
Cw*010201/010202/0125+Cw*0377,Cw*0106+Cw*030401/030403,,,,,,
Cw*010201/010202/0125+Cw*04G1,Cw*010204+Cw*040111,Cw*010206+Cw*040108,Cw*0114+Cw*0429,Cw*0117+Cw*0410,,,
Cw*010201/010202/0125+Cw*040109,Cw*010206+Cw*040107,,,,,,
Cw*010201/010202/0125+Cw*040401,Cw*0122+Cw*04G1,,,,,,
Cw*010201/010202/0125+Cw*040402,Cw*0122+Cw*040109,,,,,,
Cw*010201/010202/0125+Cw*0406,Cw*0122+Cw*0403,,,,,,
Cw*010201/010202/0125+Cw*0410,Cw*0114+Cw*0436,,,,,,
Cw*010201/010202/0125+Cw*0429,Cw*0117+Cw*0436,Cw*0123+Cw*0411,,,,,
Cw*010201/010202/0125+Cw*0432,Cw*0110+Cw*04G1,,,,,,
Cw*010201/010202/0125+Cw*05G1,Cw*0114+Cw*080201,,,,,,
Cw*010201/010202/0125+Cw*050110,Cw*010209+Cw*05G1,,,,,,
Cw*010201/010202/0125+Cw*0508,Cw*0109+Cw*05G1,Cw*0114+Cw*0829,,,,,
Cw*010201/010202/0125+Cw*0509,Cw*0114+Cw*0815,,,,,,
Cw*010201/010202/0125+Cw*0511,Cw*0114+Cw*0804,Cw*0122+Cw*05G1,,,,,
Cw*010201/010202/0125+Cw*0512,Cw*0106+Cw*0518,,,,,,
Cw*010201/010202/0125+Cw*0516,Cw*0114+Cw*0812,,,,,,
Cw*010201/010202/0125+Cw*0523,Cw*0114+Cw*0807,,,,,,
Cw*010201/010202/0125+Cw*0525,Cw*0114+Cw*0828,,,,,,
Cw*010201/010202/0125+Cw*060201/060203,Cw*0109+Cw*0606,Cw*0112+Cw*0623,Cw*0114+Cw*0611,,,,
Cw*010201/010202/0125+Cw*0604,Cw*0122+Cw*0606,,,,,,
Cw*010201/010202/0125+Cw*0608,Cw*0110+Cw*060201/060203,,,,,,
Cw*010201/010202/0125+Cw*0620,Cw*0132+Cw*060201/060203,,,,,,
Cw*010201/010202/0125+Cw*0629,Cw*0133+Cw*060201/060203,,,,,,
Cw*010201/010202/0125+Cw*07G1,Cw*0117+Cw*0740,,,,,,
Cw*010201/010202/0125+Cw*070108,Cw*010207+Cw*07G1,,,,,,
Cw*010201/010202/0125+Cw*07G2,Cw*0117+Cw*0739,Cw*0122+Cw*0737,,,,,
Cw*010201/010202/0125+Cw*0707,Cw*0114+Cw*0716,,,,,,
Cw*010201/010202/0125+Cw*0709,Cw*0114+Cw*07G1,,,,,,
Cw*010201/010202/0125+Cw*0715,Cw*0110+Cw*07G2,,,,,,
Cw*010201/010202/0125+Cw*0776,Cw*0114+Cw*07G2,,,,,,
Cw*010201/010202/0125+Cw*080301,Cw*0115+Cw*08G1,,,,,,
Cw*010201/010202/0125+Cw*0804,Cw*0122+Cw*080201,,,,,,
Cw*010201/010202/0125+Cw*0805,Cw*0117+Cw*080201,,,,,,
Cw*010201/010202/0125+Cw*0810,Cw*0114+Cw*08G1,,,,,,
Cw*010201/010202/0125+Cw*0821,Cw*0117+Cw*08G1,,,,,,
Cw*010201/010202/0125+Cw*0829,Cw*0109+Cw*080201,,,,,,
Cw*010201/010202/0125+Cw*0831,Cw*0110+Cw*0829,,,,,,
Cw*010201/010202/0125+Cw*12G1,Cw*0109+Cw*1224,,,,,,
Cw*010201/010202/0125+Cw*120302,Cw*010207+Cw*120308,,,,,,
Cw*010201/010202/0125+Cw*120402,Cw*0114+Cw*12G1,Cw*0117+Cw*1205,,,,,
Cw*010201/010202/0125+Cw*1220,Cw*0122+Cw*1224,,,,,,
Cw*010201/010202/0125+Cw*1406,Cw*0122+Cw*140201,,,,,,
Cw*010201/010202/0125+Cw*1411,Cw*0111+Cw*140201,,,,,,
Cw*010201/010202/0125+Cw*1412,Cw*0114+Cw*140201,,,,,,
Cw*010201/010202/0125+Cw*150201/1513,Cw*010206+Cw*150205,Cw*0114+Cw*1507,Cw*0122+Cw*1508,,,,
Cw*010201/010202/0125+Cw*1503,Cw*0117+Cw*150201/1513,,,,,,
Cw*010201/010202/0125+Cw*1516,Cw*0117+Cw*1517,,,,,,
Cw*010201/010202/0125+Cw*160101,Cw*0112+Cw*1618,,,,,,
Cw*010201/010202/0125+Cw*160201,Cw*0114+Cw*160101,,,,,,
Cw*010201/010202/0125+Cw*1606,Cw*0105+Cw*1618,,,,,,
Cw*010201/010202/0125+Cw*1609,Cw*0126+Cw*160201,,,,,,
Cw*010201/010202/0125+Cw*1615,Cw*0117+Cw*160101,,,,,,
Cw*010201/010202/0125+Cw*1617,Cw*0127+Cw*160101,,,,,,
Cw*010206+Cw*05G1,Cw*0113+Cw*0518,,,,,,
Cw*010206+Cw*0829,Cw*0113+Cw*0827,,,,,,
Cw*010207+Cw*0709,Cw*0114+Cw*070108,,,,,,
Cw*010208+Cw*0359,Cw*0128+Cw*030307,,,,,,
Cw*010208+Cw*0369,Cw*0117+Cw*030307,,,,,,
Cw*010209+Cw*0508,Cw*0109+Cw*050110,,,,,,
Cw*010209+Cw*0511,Cw*0122+Cw*050110,,,,,,
Cw*0105+Cw*0731,Cw*0112+Cw*07G2,,,,,,
Cw*0105+Cw*160101,Cw*0112+Cw*1606,,,,,,
Cw*0106+Cw*0307,Cw*0114+Cw*0377,,,,,,
Cw*0106+Cw*0323,Cw*0107+Cw*0377,,,,,,
Cw*0106+Cw*033802,Cw*0117+Cw*0377,,,,,,
Cw*0106+Cw*0351,Cw*0130+Cw*0377,,,,,,
Cw*0107+Cw*0307,Cw*0114+Cw*0323,,,,,,
Cw*0107+Cw*033802,Cw*0117+Cw*0323,,,,,,
Cw*0107+Cw*0351,Cw*0130+Cw*0323,,,,,,
Cw*0109+Cw*0203,Cw*0122+Cw*0228,,,,,,
Cw*0109+Cw*021601,Cw*0122+Cw*0210,,,,,,
Cw*0109+Cw*021602,Cw*0122+Cw*020202/0229,,,,,,
Cw*0109+Cw*0218,Cw*0122+Cw*0213,,,,,,
Cw*0109+Cw*0355,Cw*0122+Cw*0321,,,,,,
Cw*0109+Cw*0511,Cw*0122+Cw*0508,,,,,,
Cw*0109+Cw*0518,Cw*0114+Cw*0827,,,,,,
Cw*0109+Cw*0604,Cw*0122+Cw*060201/060203,,,,,,
Cw*0109+Cw*07G1,Cw*0122+Cw*0722,,,,,,
Cw*0109+Cw*0804,Cw*0122+Cw*0829,,,,,,
Cw*0109+Cw*0805,Cw*0117+Cw*0829,,,,,,
Cw*0109+Cw*1218,Cw*0122+Cw*120201/120202,,,,,,
Cw*0109+Cw*1220,Cw*0122+Cw*12G1,,,,,,
Cw*0110+Cw*040401,Cw*0122+Cw*0432,,,,,,
Cw*0110+Cw*0508,Cw*0114+Cw*0831,,,,,,
Cw*0110+Cw*0620,Cw*0132+Cw*0608,,,,,,
Cw*0110+Cw*0629,Cw*0133+Cw*0608,,,,,,
Cw*0110+Cw*0776,Cw*0114+Cw*0715,,,,,,
Cw*0111+Cw*1406,Cw*0122+Cw*1411,,,,,,
Cw*0111+Cw*1412,Cw*0114+Cw*1411,,,,,,
Cw*0112+Cw*0222,Cw*0134+Cw*0219,,,,,,
Cw*0114+Cw*033802,Cw*0117+Cw*0307,,,,,,
Cw*0114+Cw*0351,Cw*0130+Cw*0307,,,,,,
Cw*0114+Cw*080301,Cw*0115+Cw*0810,,,,,,
Cw*0114+Cw*0805,Cw*0117+Cw*05G1,,,,,,
Cw*0114+Cw*0813,Cw*0122+Cw*0529,,,,,,
Cw*0114+Cw*0821,Cw*0117+Cw*0810,,,,,,
Cw*0114+Cw*0825,Cw*0117+Cw*0529,,,,,,
Cw*0114+Cw*1228,Cw*0123+Cw*1205,,,,,,
Cw*0114+Cw*1406,Cw*0122+Cw*1412,,,,,,
Cw*0114+Cw*1615,Cw*0117+Cw*160201,,,,,,
Cw*0114+Cw*1617,Cw*0127+Cw*160201,,,,,,
Cw*0115+Cw*0821,Cw*0117+Cw*080301,,,,,,
Cw*0117+Cw*0332,Cw*0123+Cw*030401/030403,,,,,,
Cw*0117+Cw*0345,Cw*0123+Cw*0307,,,,,,
Cw*0117+Cw*0351,Cw*0130+Cw*033802,,,,,,
Cw*0117+Cw*0359,Cw*0128+Cw*0369,,,,,,
Cw*0117+Cw*0360,Cw*0123+Cw*0302G1,,,,,,
Cw*0117+Cw*04G1,Cw*0123+Cw*0433,,,,,,
Cw*0117+Cw*0525,Cw*0123+Cw*05G1,,,,,,
Cw*0117+Cw*07G1,Cw*0123+Cw*0716,,,,,,
Cw*0117+Cw*07G2,Cw*0123+Cw*0751,,,,,,
Cw*0117+Cw*0709,Cw*0123+Cw*0707,,,,,,
Cw*0117+Cw*075601,Cw*0123+Cw*0779,,,,,,
Cw*0117+Cw*0804,Cw*0122+Cw*0805,,,,,,
Cw*0117+Cw*0813,Cw*0122+Cw*0825,,,,,,
Cw*0117+Cw*0828,Cw*0123+Cw*080201,,,,,,
Cw*0117+Cw*1228,Cw*0123+Cw*12G1,,,,,,
Cw*0117+Cw*1413,Cw*0123+Cw*140201,,,,,,
Cw*0117+Cw*1617,Cw*0127+Cw*1615,,,,,,
Cw*0132+Cw*0629,Cw*0133+Cw*0620,,,,,,
Cw*020202/0229+Cw*020205,Cw*020203+Cw*0210,,,,,,
Cw*020202/0229+Cw*0203,Cw*021602+Cw*0228,,,,,,
Cw*020202/0229+Cw*021601,Cw*0210+Cw*021602,,,,,,
Cw*020202/0229+Cw*0218,Cw*0213+Cw*021602,,,,,,
Cw*020202/0229+Cw*03G2,Cw*020203+Cw*030304,Cw*0219+Cw*034301,,,,,
Cw*020202/0229+Cw*030305,Cw*020211+Cw*03G2,,,,,,
Cw*020202/0229+Cw*030401/030403,Cw*020203+Cw*030402,Cw*0219+Cw*0340,Cw*0227+Cw*0307,,,,
Cw*020202/0229+Cw*030418,Cw*020211+Cw*030402,,,,,,
Cw*020202/0229+Cw*0309,Cw*0219+Cw*0342,,,,,,
Cw*020202/0229+Cw*0322Q,Cw*0225Q+Cw*03G2,,,,,,
Cw*020202/0229+Cw*0332,Cw*0227+Cw*0345,,,,,,
Cw*020202/0229+Cw*0336,Cw*0228+Cw*0302G1,,,,,,
Cw*020202/0229+Cw*033802,Cw*020203+Cw*033801,,,,,,
Cw*020202/0229+Cw*0352,Cw*0215+Cw*03G2,,,,,,
Cw*020202/0229+Cw*0355,Cw*021602+Cw*0321,,,,,,
Cw*020202/0229+Cw*0364,Cw*0208+Cw*030401/030403,,,,,,
Cw*020202/0229+Cw*0377,Cw*0228+Cw*030401/030403,,,,,,
Cw*020202/0229+Cw*040110,Cw*020208+Cw*04G1,,,,,,
Cw*020202/0229+Cw*0413,Cw*0213+Cw*040401,,,,,,
Cw*020202/0229+Cw*0429,Cw*0227+Cw*04G1,,,,,,
Cw*020202/0229+Cw*0436,Cw*0227+Cw*0410,,,,,,
Cw*020202/0229+Cw*0443,Cw*0215+Cw*04G1,,,,,,
Cw*020202/0229+Cw*0446,Cw*0209+Cw*04G1,,,,,,
Cw*020202/0229+Cw*05G1,Cw*020203+Cw*050103,,,,,,
Cw*020202/0229+Cw*050106,Cw*020207+Cw*05G1,,,,,,
Cw*020202/0229+Cw*0511,Cw*021602+Cw*0508,,,,,,
Cw*020202/0229+Cw*0512,Cw*0228+Cw*0518,,,,,,
Cw*020202/0229+Cw*0604,Cw*021602+Cw*060201/060203,,,,,,
Cw*020202/0229+Cw*0611,Cw*0227+Cw*060201/060203,,,,,,
Cw*020202/0229+Cw*0618,Cw*0221+Cw*060201/060203,,,,,,
Cw*020202/0229+Cw*07G1,Cw*020203+Cw*070107,Cw*021602+Cw*0722,Cw*0227+Cw*0709,,,,
Cw*020202/0229+Cw*07G2,Cw*0227+Cw*0776,,,,,,
Cw*020202/0229+Cw*070212,Cw*020211+Cw*07G2,,,,,,
Cw*020202/0229+Cw*070401/0711,Cw*020203+Cw*070403,,,,,,
Cw*020202/0229+Cw*0716,Cw*0227+Cw*0707,,,,,,
Cw*020202/0229+Cw*072701,Cw*020203+Cw*072702,,,,,,
Cw*020202/0229+Cw*0729,Cw*0219+Cw*07G2,,,,,,
Cw*020202/0229+Cw*0788,Cw*0230+Cw*07G2,,,,,,
Cw*020202/0229+Cw*0794,Cw*0220+Cw*07G1,,,,,,
Cw*020202/0229+Cw*08G1,Cw*020203+Cw*080102,Cw*0227+Cw*0810,,,,,
Cw*020202/0229+Cw*080201,Cw*0227+Cw*05G1,,,,,,
Cw*020202/0229+Cw*0804,Cw*021602+Cw*0829,Cw*0227+Cw*0511,,,,,
Cw*020202/0229+Cw*0807,Cw*0227+Cw*0523,,,,,,
Cw*020202/0229+Cw*0812,Cw*0227+Cw*0516,,,,,,
Cw*020202/0229+Cw*0815,Cw*0227+Cw*0509,,,,,,
Cw*020202/0229+Cw*0828,Cw*0227+Cw*0525,,,,,,
Cw*020202/0229+Cw*0829,Cw*0227+Cw*0508,,,,,,
Cw*020202/0229+Cw*120203,Cw*020203+Cw*120201/120202,,,,,,
Cw*020202/0229+Cw*12G1,Cw*0227+Cw*120402,,,,,,
Cw*020202/0229+Cw*1218,Cw*021602+Cw*120201/120202,,,,,,
Cw*020202/0229+Cw*1220,Cw*021602+Cw*12G1,,,,,,
Cw*020202/0229+Cw*140201,Cw*0227+Cw*1412,,,,,,
Cw*020202/0229+Cw*140203,Cw*0208+Cw*1403,,,,,,
Cw*020202/0229+Cw*1415,Cw*0213+Cw*1406,,,,,,
Cw*020202/0229+Cw*1506,Cw*0219+Cw*1509,,,,,,
Cw*020202/0229+Cw*1507,Cw*0227+Cw*150201/1513,,,,,,
Cw*020202/0229+Cw*151002,Cw*0208+Cw*150201/1513,,,,,,
Cw*020202/0229+Cw*1519,Cw*0230+Cw*1509,,,,,,
Cw*020202/0229+Cw*160101,Cw*0227+Cw*160201,,,,,,
Cw*020202/0229+Cw*1611,Cw*0221+Cw*160101,,,,,,
Cw*020202/0229+Cw*170102,Cw*020211+Cw*17G1,,,,,,
Cw*020203+Cw*021601,Cw*020205+Cw*021602,,,,,,
Cw*020203+Cw*030418,Cw*020211+Cw*030401/030403,,,,,,
Cw*020203+Cw*1218,Cw*021602+Cw*120203,,,,,,
Cw*020205+Cw*030304,Cw*0210+Cw*03G2,,,,,,
Cw*020205+Cw*030402,Cw*0210+Cw*030401/030403,,,,,,
Cw*020205+Cw*0317,Cw*0205+Cw*0335,,,,,,
Cw*020205+Cw*033801,Cw*0210+Cw*033802,,,,,,
Cw*020205+Cw*050103,Cw*0210+Cw*05G1,,,,,,
Cw*020205+Cw*0516,Cw*0205+Cw*05G1,,,,,,
Cw*020205+Cw*070107,Cw*0210+Cw*07G1,Cw*0214+Cw*0726,Cw*021601+Cw*0722,,,,
Cw*020205+Cw*070403,Cw*0210+Cw*070401/0711,,,,,,
Cw*020205+Cw*072702,Cw*0210+Cw*072701,,,,,,
Cw*020205+Cw*0731,Cw*0205+Cw*072701,,,,,,
Cw*020205+Cw*080102,Cw*0210+Cw*08G1,,,,,,
Cw*020205+Cw*0812,Cw*0205+Cw*080201,,,,,,
Cw*020205+Cw*120201/120202,Cw*0210+Cw*120203,,,,,,
Cw*020205+Cw*1218,Cw*021601+Cw*120203,,,,,,
Cw*020207+Cw*080201,Cw*0227+Cw*050106,,,,,,
Cw*020208+Cw*0429,Cw*0227+Cw*040110,,,,,,
Cw*020208+Cw*0443,Cw*0215+Cw*040110,,,,,,
Cw*020208+Cw*0446,Cw*0209+Cw*040110,,,,,,
Cw*020211+Cw*0322Q,Cw*0225Q+Cw*030305,,,,,,
Cw*020211+Cw*0352,Cw*0215+Cw*030305,,,,,,
Cw*020211+Cw*0729,Cw*0219+Cw*070212,,,,,,
Cw*020211+Cw*0788,Cw*0230+Cw*070212,,,,,,
Cw*0203+Cw*0210,Cw*021601+Cw*0228,,,,,,
Cw*0203+Cw*0213,Cw*0218+Cw*0228,,,,,,
Cw*0203+Cw*0302G1,Cw*021602+Cw*0336,,,,,,
Cw*0203+Cw*030401/030403,Cw*021602+Cw*0377,,,,,,
Cw*0203+Cw*0321,Cw*0228+Cw*0355,,,,,,
Cw*0203+Cw*0508,Cw*0228+Cw*0511,,,,,,
Cw*0203+Cw*0518,Cw*021602+Cw*0512,,,,,,
Cw*0203+Cw*060201/060203,Cw*0228+Cw*0604,,,,,,
Cw*0203+Cw*07G1,Cw*0218+Cw*0795,,,,,,
Cw*0203+Cw*0722,Cw*0213+Cw*0795,Cw*0228+Cw*07G1,,,,,
Cw*0203+Cw*0829,Cw*0228+Cw*0804,,,,,,
Cw*0203+Cw*120201/120202,Cw*0228+Cw*1218,,,,,,
Cw*0203+Cw*12G1,Cw*0228+Cw*1220,,,,,,
Cw*0205+Cw*04G1,Cw*0217+Cw*041502,,,,,,
Cw*0205+Cw*050103,Cw*0210+Cw*0516,,,,,,
Cw*0205+Cw*0708,Cw*0217+Cw*072701,,,,,,
Cw*0205+Cw*072702,Cw*0210+Cw*0731,,,,,,
Cw*0205+Cw*140201,Cw*0217+Cw*1405,,,,,,
Cw*0205+Cw*1409,Cw*0210+Cw*1405,,,,,,
Cw*0205+Cw*1607,Cw*0210+Cw*160101,,,,,,
Cw*0206+Cw*12G1,Cw*0210+Cw*1215,,,,,,
Cw*0206+Cw*1220,Cw*021601+Cw*1215,,,,,,
Cw*0206+Cw*1504,Cw*0210+Cw*150201/1513,,,,,,
Cw*0208+Cw*0377,Cw*0228+Cw*0364,,,,,,
Cw*0208+Cw*1507,Cw*0227+Cw*151002,,,,,,
Cw*0209+Cw*0429,Cw*0227+Cw*0446,,,,,,
Cw*0209+Cw*0443,Cw*0215+Cw*0446,,,,,,
Cw*0210+Cw*0218,Cw*0213+Cw*021601,,,,,,
Cw*0210+Cw*0355,Cw*021601+Cw*0321,,,,,,
Cw*0210+Cw*0367,Cw*0214+Cw*03G2,,,,,,
Cw*0210+Cw*0511,Cw*021601+Cw*0508,,,,,,
Cw*0210+Cw*0604,Cw*021601+Cw*060201/060203,,,,,,
Cw*0210+Cw*0773,Cw*0214+Cw*0792,,,,,,
Cw*0210+Cw*0804,Cw*021601+Cw*0829,,,,,,
Cw*0210+Cw*0805,Cw*0212+Cw*0520,,,,,,
Cw*0210+Cw*1218,Cw*021601+Cw*120201/120202,,,,,,
Cw*0210+Cw*1220,Cw*021601+Cw*12G1,,,,,,
Cw*0210+Cw*140201,Cw*0217+Cw*1409,,,,,,
Cw*0213+Cw*0355,Cw*0218+Cw*0321,,,,,,
Cw*0213+Cw*0511,Cw*0218+Cw*0508,,,,,,
Cw*0213+Cw*0604,Cw*0218+Cw*060201/060203,,,,,,
Cw*0213+Cw*07G1,Cw*0218+Cw*0722,,,,,,
Cw*0213+Cw*0804,Cw*0218+Cw*0829,,,,,,
Cw*0213+Cw*1218,Cw*0218+Cw*120201/120202,,,,,,
Cw*0213+Cw*1220,Cw*0218+Cw*12G1,,,,,,
Cw*0215+Cw*0322Q,Cw*0225Q+Cw*0352,,,,,,
Cw*0215+Cw*0429,Cw*0227+Cw*0443,,,,,,
Cw*021602+Cw*0413,Cw*0218+Cw*040401,,,,,,
Cw*021602+Cw*0611,Cw*0227+Cw*0604,,,,,,
Cw*021602+Cw*0618,Cw*0221+Cw*0604,,,,,,
Cw*021602+Cw*1415,Cw*0218+Cw*1406,,,,,,
Cw*0219+Cw*0788,Cw*0230+Cw*0729,,,,,,
Cw*0219+Cw*1519,Cw*0230+Cw*1506,,,,,,
Cw*0221+Cw*0611,Cw*0227+Cw*0618,,,,,,
Cw*0302G1+Cw*030309,Cw*030206+Cw*03G2,,,,,,
Cw*0302G1+Cw*030410,Cw*030206+Cw*030401/030403,,,,,,
Cw*0302G1+Cw*0332,Cw*030401/030403+Cw*0360,,,,,,
Cw*0302G1+Cw*0345,Cw*0307+Cw*0360,,,,,,
Cw*0302G1+Cw*0377,Cw*030401/030403+Cw*0336,,,,,,
Cw*0302G1+Cw*04G1,Cw*0315+Cw*0411,Cw*0360+Cw*0433,,,,,
Cw*0302G1+Cw*040107,Cw*030206+Cw*040109,,,,,,
Cw*0302G1+Cw*040108,Cw*030206+Cw*04G1,,,,,,
Cw*0302G1+Cw*0436,Cw*0360+Cw*0411,,,,,,
Cw*0302G1+Cw*0510,Cw*0340+Cw*0531,,,,,,
Cw*0302G1+Cw*0512,Cw*0336+Cw*0518,,,,,,
Cw*0302G1+Cw*0525,Cw*0360+Cw*05G1,,,,,,
Cw*0302G1+Cw*07G1,Cw*0360+Cw*0716,,,,,,
Cw*0302G1+Cw*07G2,Cw*0360+Cw*0751,,,,,,
Cw*0302G1+Cw*0709,Cw*0360+Cw*0707,,,,,,
Cw*0302G1+Cw*075601,Cw*0360+Cw*0779,,,,,,
Cw*0302G1+Cw*0828,Cw*0360+Cw*080201,,,,,,
Cw*0302G1+Cw*1228,Cw*0360+Cw*12G1,,,,,,
Cw*0302G1+Cw*1413,Cw*0360+Cw*140201,,,,,,
Cw*0302G1+Cw*150205,Cw*030206+Cw*150201/1513,,,,,,
Cw*030206+Cw*0332,Cw*030410+Cw*0360,,,,,,
Cw*030206+Cw*0377,Cw*030410+Cw*0336,,,,,,
Cw*03G2+Cw*030402,Cw*030304+Cw*030401/030403,,,,,,
Cw*03G2+Cw*030410,Cw*030309+Cw*030401/030403,,,,,,
Cw*03G2+Cw*030418,Cw*030305+Cw*030402,,,,,,
Cw*03G2+Cw*0308,Cw*030401/030403+Cw*0331,,,,,,
Cw*03G2+Cw*0319,Cw*030401/030403+Cw*0312,,,,,,
Cw*03G2+Cw*0327,Cw*0305+Cw*0369,,,,,,
Cw*03G2+Cw*0328,Cw*030401/030403+Cw*0349,,,,,,
Cw*03G2+Cw*0329,Cw*0310+Cw*0331,,,,,,
Cw*03G2+Cw*0335,Cw*030401/030403+Cw*0313,,,,,,
Cw*03G2+Cw*0337,Cw*030401/030403+Cw*031102,,,,,,
Cw*03G2+Cw*033801,Cw*030304+Cw*033802,Cw*030402+Cw*0369,,,,,
Cw*03G2+Cw*033802,Cw*030401/030403+Cw*0369,,,,,,
Cw*03G2+Cw*0340,Cw*030401/030403+Cw*034301,,,,,,
Cw*03G2+Cw*0342,Cw*0309+Cw*034301,,,,,,
Cw*03G2+Cw*0365,Cw*030401/030403+Cw*0330,,,,,,
Cw*03G2+Cw*04G1,Cw*030401/030403+Cw*0452,Cw*0349+Cw*040401,Cw*0355+Cw*0408,Cw*0369+Cw*0410,,,
Cw*03G2+Cw*040107,Cw*030309+Cw*040109,,,,,,
Cw*03G2+Cw*040108,Cw*030309+Cw*04G1,Cw*030410+Cw*0452,,,,,
Cw*03G2+Cw*040109,Cw*0349+Cw*040402,,,,,,
Cw*03G2+Cw*040111,Cw*030310+Cw*04G1,,,,,,
Cw*03G2+Cw*0403,Cw*0349+Cw*0406,,,,,,
Cw*03G2+Cw*0412,Cw*0353+Cw*04G1,,,,,,
Cw*03G2+Cw*0418,Cw*0330+Cw*04G1,Cw*0365+Cw*0452,,,,,
Cw*03G2+Cw*0429,Cw*0369+Cw*0436,,,,,,
Cw*03G2+Cw*0443,Cw*0352+Cw*04G1,,,,,,
Cw*03G2+Cw*0448,Cw*0354+Cw*0452,,,,,,
Cw*03G2+Cw*05G1,Cw*0313+Cw*0510,Cw*0349+Cw*0511,,,,,
Cw*03G2+Cw*050103,Cw*030304+Cw*05G1,,,,,,
Cw*03G2+Cw*0508,Cw*0321+Cw*0527,,,,,,
Cw*03G2+Cw*0511,Cw*0355+Cw*0527,,,,,,
Cw*03G2+Cw*060201/060203,Cw*0313+Cw*0614,,,,,,
Cw*03G2+Cw*0606,Cw*0349+Cw*0604,,,,,,
Cw*03G2+Cw*07G1,Cw*031101+Cw*0720,Cw*0331+Cw*072701,Cw*0332+Cw*0760,Cw*0339+Cw*0796,Cw*0367+Cw*0726,Cw*0369+Cw*0740,
Cw*03G2+Cw*070107,Cw*030304+Cw*07G1,Cw*0331+Cw*072702,,,,,
Cw*03G2+Cw*07G2,Cw*030401/030403+Cw*075601,Cw*0313+Cw*0710,Cw*0332+Cw*0779,Cw*034301+Cw*0729,Cw*0369+Cw*0739,,
Cw*03G2+Cw*070212,Cw*030305+Cw*07G2,,,,,,
Cw*03G2+Cw*070403,Cw*030304+Cw*070401/0711,,,,,,
Cw*03G2+Cw*0707,Cw*0307+Cw*0760,,,,,,
Cw*03G2+Cw*0709,Cw*0345+Cw*0760,,,,,,
Cw*03G2+Cw*0716,Cw*030401/030403+Cw*0760,,,,,,
Cw*03G2+Cw*0719,Cw*0308+Cw*075601,Cw*0331+Cw*07G2,,,,,
Cw*03G2+Cw*072701,Cw*0313+Cw*0743,,,,,,
Cw*03G2+Cw*072702,Cw*030304+Cw*072701,,,,,,
Cw*03G2+Cw*0737,Cw*0328+Cw*075601,Cw*0349+Cw*07G2,,,,,
Cw*03G2+Cw*0751,Cw*030401/030403+Cw*0779,,,,,,
Cw*03G2+Cw*0773,Cw*0367+Cw*0792,,,,,,
Cw*03G2+Cw*0776,Cw*0307+Cw*075601,Cw*0345+Cw*0779,,,,,
Cw*03G2+Cw*0792,Cw*0318+Cw*0796,,,,,,
Cw*03G2+Cw*080102,Cw*030304+Cw*08G1,,,,,,
Cw*03G2+Cw*080201,Cw*0349+Cw*0804,,,,,,
Cw*03G2+Cw*0805,Cw*0369+Cw*080201,,,,,,
Cw*03G2+Cw*0821,Cw*0369+Cw*08G1,,,,,,
Cw*03G2+Cw*120201/120202,Cw*030304+Cw*120203,,,,,,
Cw*03G2+Cw*120402,Cw*0369+Cw*1205,,,,,,
Cw*03G2+Cw*1208,Cw*0331+Cw*120201/120202,,,,,,
Cw*03G2+Cw*1217,Cw*0353+Cw*120201/120202,,,,,,
Cw*03G2+Cw*1224,Cw*0349+Cw*1220,,,,,,
Cw*03G2+Cw*1226,Cw*0375+Cw*12G1,,,,,,
Cw*03G2+Cw*140201,Cw*0349+Cw*1406,,,,,,
Cw*03G2+Cw*140203,Cw*0364+Cw*1410,,,,,,
Cw*03G2+Cw*1403,Cw*030401/030403+Cw*1410,,,,,,
Cw*03G2+Cw*150201/1513,Cw*030401/030403+Cw*1512,Cw*0312+Cw*1506,Cw*0331+Cw*1517,Cw*0355+Cw*1515,,,
Cw*03G2+Cw*150205,Cw*030309+Cw*150201/1513,Cw*030410+Cw*1512,,,,,
Cw*03G2+Cw*1503,Cw*0331+Cw*1516,Cw*033802+Cw*1512,Cw*0369+Cw*150201/1513,,,,
Cw*03G2+Cw*1508,Cw*0328+Cw*1512,Cw*0349+Cw*150201/1513,,,,,
Cw*03G2+Cw*1509,Cw*0331+Cw*1520,Cw*034301+Cw*1506,,,,,
Cw*03G2+Cw*151002,Cw*0364+Cw*1512,,,,,,
Cw*03G2+Cw*1516,Cw*0369+Cw*1517,,,,,,
Cw*03G2+Cw*1522,Cw*0313+Cw*1505G1,,,,,,
Cw*03G2+Cw*1615,Cw*0369+Cw*160101,,,,,,
Cw*03G2+Cw*170102,Cw*030305+Cw*17G1,,,,,,
Cw*030304+Cw*030410,Cw*030309+Cw*030402,,,,,,
Cw*030304+Cw*0308,Cw*030402+Cw*0331,,,,,,
Cw*030304+Cw*0319,Cw*030402+Cw*0312,,,,,,
Cw*030304+Cw*0328,Cw*030402+Cw*0349,,,,,,
Cw*030304+Cw*0335,Cw*030402+Cw*0313,,,,,,
Cw*030304+Cw*0337,Cw*030402+Cw*031102,,,,,,
Cw*030304+Cw*0340,Cw*030402+Cw*034301,,,,,,
Cw*030304+Cw*0365,Cw*030402+Cw*0330,,,,,,
Cw*030304+Cw*04G1,Cw*030402+Cw*0452,,,,,,
Cw*030304+Cw*040102,Cw*030406+Cw*0452,,,,,,
Cw*030304+Cw*041502,Cw*030305+Cw*041501,,,,,,
Cw*030304+Cw*07G2,Cw*030402+Cw*075601,,,,,,
Cw*030304+Cw*070212,Cw*030418+Cw*075601,,,,,,
Cw*030304+Cw*0716,Cw*030402+Cw*0760,,,,,,
Cw*030304+Cw*0751,Cw*030402+Cw*0779,,,,,,
Cw*030304+Cw*0821,Cw*0369+Cw*080102,,,,,,
Cw*030304+Cw*1403,Cw*030402+Cw*1410,,,,,,
Cw*030304+Cw*150201/1513,Cw*030402+Cw*1512,,,,,,
Cw*030304+Cw*1503,Cw*033801+Cw*1512,,,,,,
Cw*030305+Cw*033801,Cw*030418+Cw*0369,,,,,,
Cw*030305+Cw*0719,Cw*0331+Cw*070212,,,,,,
Cw*030305+Cw*0737,Cw*0349+Cw*070212,,,,,,
Cw*030309+Cw*0308,Cw*030410+Cw*0331,,,,,,
Cw*030309+Cw*0319,Cw*030410+Cw*0312,,,,,,
Cw*030309+Cw*0328,Cw*030410+Cw*0349,,,,,,
Cw*030309+Cw*0335,Cw*030410+Cw*0313,,,,,,
Cw*030309+Cw*0337,Cw*030410+Cw*031102,,,,,,
Cw*030309+Cw*033802,Cw*030410+Cw*0369,,,,,,
Cw*030309+Cw*0340,Cw*030410+Cw*034301,,,,,,
Cw*030309+Cw*0365,Cw*030410+Cw*0330,,,,,,
Cw*030309+Cw*040111,Cw*030310+Cw*040108,,,,,,
Cw*030309+Cw*0412,Cw*0353+Cw*040108,,,,,,
Cw*030309+Cw*0418,Cw*0330+Cw*040108,,,,,,
Cw*030309+Cw*0443,Cw*0352+Cw*040108,,,,,,
Cw*030309+Cw*07G2,Cw*030410+Cw*075601,,,,,,
Cw*030309+Cw*0716,Cw*030410+Cw*0760,,,,,,
Cw*030309+Cw*0751,Cw*030410+Cw*0779,,,,,,
Cw*030309+Cw*1403,Cw*030410+Cw*1410,,,,,,
Cw*030309+Cw*1503,Cw*0369+Cw*150205,,,,,,
Cw*030309+Cw*1508,Cw*0349+Cw*150205,,,,,,
Cw*030310+Cw*0412,Cw*0353+Cw*040111,,,,,,
Cw*030310+Cw*0418,Cw*0330+Cw*040111,,,,,,
Cw*030310+Cw*0443,Cw*0352+Cw*040111,,,,,,
Cw*030401/030403+Cw*0327,Cw*0305+Cw*033802,,,,,,
Cw*030401/030403+Cw*0329,Cw*0308+Cw*0310,,,,,,
Cw*030401/030403+Cw*033801,Cw*030402+Cw*033802,,,,,,
Cw*030401/030403+Cw*0342,Cw*0309+Cw*0340,,,,,,
Cw*030401/030403+Cw*0345,Cw*0307+Cw*0332,,,,,,
Cw*030401/030403+Cw*0371,Cw*0317+Cw*0342,,,,,,
Cw*030401/030403+Cw*04G1,Cw*0307+Cw*0429,Cw*0328+Cw*040401,Cw*0332+Cw*0433,Cw*033802+Cw*0410,,,
Cw*030401/030403+Cw*040107,Cw*030410+Cw*040109,,,,,,
Cw*030401/030403+Cw*040108,Cw*030410+Cw*04G1,,,,,,
Cw*030401/030403+Cw*040109,Cw*0328+Cw*040402,,,,,,
Cw*030401/030403+Cw*0403,Cw*0328+Cw*0406,,,,,,
Cw*030401/030403+Cw*0410,Cw*0307+Cw*0436,Cw*0345+Cw*0411,,,,,
Cw*030401/030403+Cw*041502,Cw*0309+Cw*0417,,,,,,
Cw*030401/030403+Cw*0418,Cw*0365+Cw*04G1,,,,,,
Cw*030401/030403+Cw*0429,Cw*033802+Cw*0436,,,,,,
Cw*030401/030403+Cw*0432,Cw*0334+Cw*0408,,,,,,
Cw*030401/030403+Cw*0436,Cw*0332+Cw*0411,,,,,,
Cw*030401/030403+Cw*0448,Cw*0354+Cw*04G1,,,,,,
Cw*030401/030403+Cw*05G1,Cw*0307+Cw*080201,Cw*0309+Cw*0505,Cw*0310+Cw*0520,Cw*0328+Cw*0511,Cw*0335+Cw*0510,,
Cw*030401/030403+Cw*050103,Cw*030402+Cw*05G1,,,,,,
Cw*030401/030403+Cw*0508,Cw*0307+Cw*0829,,,,,,
Cw*030401/030403+Cw*0509,Cw*0307+Cw*0815,,,,,,
Cw*030401/030403+Cw*0511,Cw*0307+Cw*0804,,,,,,
Cw*030401/030403+Cw*0512,Cw*0377+Cw*0518,,,,,,
Cw*030401/030403+Cw*0516,Cw*0307+Cw*0812,Cw*0317+Cw*0510,,,,,
Cw*030401/030403+Cw*0523,Cw*0307+Cw*0807,,,,,,
Cw*030401/030403+Cw*0525,Cw*0307+Cw*0828,Cw*0332+Cw*05G1,Cw*0345+Cw*080201,,,,
Cw*030401/030403+Cw*060201/060203,Cw*0307+Cw*0611,Cw*0335+Cw*0614,,,,,
Cw*030401/030403+Cw*0606,Cw*0328+Cw*0604,,,,,,
Cw*030401/030403+Cw*07G1,Cw*0308+Cw*072701,Cw*0332+Cw*0716,Cw*033802+Cw*0740,,,,
Cw*030401/030403+Cw*070107,Cw*030402+Cw*07G1,Cw*0308+Cw*072702,Cw*033801+Cw*0740,,,,
Cw*030401/030403+Cw*07G2,Cw*0332+Cw*0751,Cw*0335+Cw*0710,Cw*033802+Cw*0739,Cw*0340+Cw*0729,,,
Cw*030401/030403+Cw*070403,Cw*030402+Cw*070401/0711,,,,,,
Cw*030401/030403+Cw*0707,Cw*0307+Cw*0716,,,,,,
Cw*030401/030403+Cw*0709,Cw*0307+Cw*07G1,Cw*0332+Cw*0707,Cw*0345+Cw*0716,,,,
Cw*030401/030403+Cw*0713,Cw*0326+Cw*0729,,,,,,
Cw*030401/030403+Cw*0719,Cw*0308+Cw*07G2,,,,,,
Cw*030401/030403+Cw*072701,Cw*0335+Cw*0743,,,,,,
Cw*030401/030403+Cw*072702,Cw*030402+Cw*072701,,,,,,
Cw*030401/030403+Cw*0731,Cw*0317+Cw*0743,,,,,,
Cw*030401/030403+Cw*0737,Cw*0328+Cw*07G2,,,,,,
Cw*030401/030403+Cw*0776,Cw*0307+Cw*07G2,Cw*0310+Cw*0749,Cw*0345+Cw*0751,,,,
Cw*030401/030403+Cw*080102,Cw*030402+Cw*08G1,,,,,,
Cw*030401/030403+Cw*080201,Cw*0328+Cw*0804,,,,,,
Cw*030401/030403+Cw*0805,Cw*033802+Cw*080201,,,,,,
Cw*030401/030403+Cw*0810,Cw*0307+Cw*08G1,,,,,,
Cw*030401/030403+Cw*0821,Cw*033802+Cw*08G1,,,,,,
Cw*030401/030403+Cw*0828,Cw*0332+Cw*080201,,,,,,
Cw*030401/030403+Cw*120201/120202,Cw*030402+Cw*120203,,,,,,
Cw*030401/030403+Cw*120402,Cw*0307+Cw*12G1,Cw*033802+Cw*1205,,,,,
Cw*030401/030403+Cw*1208,Cw*0308+Cw*120201/120202,,,,,,
Cw*030401/030403+Cw*1212,Cw*0370+Cw*12G1,,,,,,
Cw*030401/030403+Cw*1224,Cw*0328+Cw*1220,,,,,,
Cw*030401/030403+Cw*1228,Cw*0332+Cw*12G1,,,,,,
Cw*030401/030403+Cw*140201,Cw*0328+Cw*1406,,,,,,
Cw*030401/030403+Cw*140203,Cw*0364+Cw*1403,,,,,,
Cw*030401/030403+Cw*1412,Cw*0307+Cw*140201,,,,,,
Cw*030401/030403+Cw*1413,Cw*0332+Cw*140201,,,,,,
Cw*030401/030403+Cw*150201/1513,Cw*0307+Cw*1507,Cw*0308+Cw*1517,Cw*0309+Cw*1526,Cw*0319+Cw*1506,,,
Cw*030401/030403+Cw*150205,Cw*030410+Cw*150201/1513,,,,,,
Cw*030401/030403+Cw*1503,Cw*0308+Cw*1516,Cw*033802+Cw*150201/1513,,,,,
Cw*030401/030403+Cw*1505G1,Cw*0326+Cw*1506,,,,,,
Cw*030401/030403+Cw*1508,Cw*0328+Cw*150201/1513,,,,,,
Cw*030401/030403+Cw*1509,Cw*0308+Cw*1520,Cw*0340+Cw*1506,,,,,
Cw*030401/030403+Cw*151002,Cw*0364+Cw*150201/1513,,,,,,
Cw*030401/030403+Cw*1516,Cw*033802+Cw*1517,,,,,,
Cw*030401/030403+Cw*1521,Cw*0310+Cw*1507,,,,,,
Cw*030401/030403+Cw*1522,Cw*0335+Cw*1505G1,,,,,,
Cw*030401/030403+Cw*160201,Cw*0307+Cw*160101,,,,,,
Cw*030401/030403+Cw*1615,Cw*033802+Cw*160101,,,,,,
Cw*030402+Cw*0327,Cw*0305+Cw*033801,,,,,,
Cw*030402+Cw*04G1,Cw*033801+Cw*0410,,,,,,
Cw*030402+Cw*040102,Cw*030406+Cw*04G1,,,,,,
Cw*030402+Cw*0429,Cw*033801+Cw*0436,,,,,,
Cw*030402+Cw*0525,Cw*0332+Cw*050103,,,,,,
Cw*030402+Cw*07G2,Cw*033801+Cw*0739,,,,,,
Cw*030402+Cw*070212,Cw*030418+Cw*07G2,,,,,,
Cw*030402+Cw*0709,Cw*0307+Cw*070107,,,,,,
Cw*030402+Cw*0805,Cw*033801+Cw*080201,,,,,,
Cw*030402+Cw*0810,Cw*0307+Cw*080102,,,,,,
Cw*030402+Cw*0821,Cw*033801+Cw*08G1,Cw*033802+Cw*080102,,,,,
Cw*030402+Cw*120402,Cw*033801+Cw*1205,,,,,,
Cw*030402+Cw*1503,Cw*033801+Cw*150201/1513,,,,,,
Cw*030402+Cw*1516,Cw*033801+Cw*1517,,,,,,
Cw*030402+Cw*1615,Cw*033801+Cw*160101,,,,,,
Cw*030402+Cw*170102,Cw*030418+Cw*17G1,,,,,,
Cw*030410+Cw*0418,Cw*0365+Cw*040108,,,,,,
Cw*030410+Cw*0448,Cw*0354+Cw*040108,,,,,,
Cw*030410+Cw*1503,Cw*033802+Cw*150205,,,,,,
Cw*030410+Cw*1508,Cw*0328+Cw*150205,,,,,,
Cw*030410+Cw*151002,Cw*0364+Cw*150205,,,,,,
Cw*0305+Cw*04G1,Cw*0327+Cw*0410,,,,,,
Cw*0305+Cw*0429,Cw*0327+Cw*0436,,,,,,
Cw*0305+Cw*07G1,Cw*0327+Cw*0740,,,,,,
Cw*0305+Cw*07G2,Cw*0327+Cw*0739,,,,,,
Cw*0305+Cw*0805,Cw*0327+Cw*080201,,,,,,
Cw*0305+Cw*0821,Cw*0327+Cw*08G1,,,,,,
Cw*0305+Cw*120402,Cw*0327+Cw*1205,,,,,,
Cw*0305+Cw*1503,Cw*0327+Cw*150201/1513,,,,,,
Cw*0305+Cw*1516,Cw*0327+Cw*1517,,,,,,
Cw*0305+Cw*1615,Cw*0327+Cw*160101,,,,,,
Cw*0307+Cw*04G1,Cw*0345+Cw*0433,,,,,,
Cw*0307+Cw*0525,Cw*0345+Cw*05G1,,,,,,
Cw*0307+Cw*0709,Cw*0345+Cw*0707,,,,,,
Cw*0307+Cw*0719,Cw*0308+Cw*0776,Cw*0329+Cw*0749,,,,,
Cw*0307+Cw*0737,Cw*0328+Cw*0776,,,,,,
Cw*0307+Cw*0805,Cw*033802+Cw*05G1,,,,,,
Cw*0307+Cw*0821,Cw*033802+Cw*0810,,,,,,
Cw*0307+Cw*0825,Cw*033802+Cw*0529,,,,,,
Cw*0307+Cw*1212,Cw*0370+Cw*120402,,,,,,
Cw*0307+Cw*1228,Cw*0332+Cw*120402,Cw*0345+Cw*12G1,,,,,
Cw*0307+Cw*1413,Cw*0332+Cw*1412,Cw*0345+Cw*140201,,,,,
Cw*0307+Cw*1521,Cw*0310+Cw*150201/1513,Cw*0329+Cw*1517,,,,,
Cw*0307+Cw*1615,Cw*033802+Cw*160201,,,,,,
Cw*0308+Cw*031102,Cw*0331+Cw*0337,,,,,,
Cw*0308+Cw*0312,Cw*0319+Cw*0331,,,,,,
Cw*0308+Cw*0313,Cw*0331+Cw*0335,,,,,,
Cw*0308+Cw*0330,Cw*0331+Cw*0365,,,,,,
Cw*0308+Cw*034301,Cw*0331+Cw*0340,,,,,,
Cw*0308+Cw*0349,Cw*0328+Cw*0331,,,,,,
Cw*0308+Cw*0369,Cw*0331+Cw*033802,,,,,,
Cw*0308+Cw*0452,Cw*0331+Cw*04G1,,,,,,
Cw*0308+Cw*05G1,Cw*0329+Cw*0520,,,,,,
Cw*0308+Cw*0737,Cw*0328+Cw*0719,,,,,,
Cw*0308+Cw*0760,Cw*0331+Cw*0716,,,,,,
Cw*0308+Cw*0779,Cw*0331+Cw*0751,,,,,,
Cw*0308+Cw*1410,Cw*0331+Cw*1403,,,,,,
Cw*0308+Cw*1512,Cw*0331+Cw*150201/1513,,,,,,
Cw*0308+Cw*1521,Cw*0329+Cw*1507,,,,,,
Cw*0309+Cw*07G2,Cw*0342+Cw*0729,,,,,,
Cw*0309+Cw*1509,Cw*0342+Cw*1506,,,,,,
Cw*0310+Cw*07G1,Cw*0329+Cw*072701,,,,,,
Cw*0310+Cw*070107,Cw*0329+Cw*072702,,,,,,
Cw*0310+Cw*0719,Cw*0329+Cw*07G2,,,,,,
Cw*0310+Cw*1208,Cw*0329+Cw*120201/120202,,,,,,
Cw*0310+Cw*1404,Cw*033802+Cw*1412,,,,,,
Cw*0310+Cw*1503,Cw*0329+Cw*1516,,,,,,
Cw*0310+Cw*1509,Cw*0329+Cw*1520,,,,,,
Cw*031101+Cw*060201/060203,Cw*0339+Cw*0603,,,,,,
Cw*031101+Cw*070211,Cw*031102+Cw*07G2,Cw*0337+Cw*075601,,,,,
Cw*031101+Cw*1523,Cw*0339+Cw*1505G1,,,,,,
Cw*031101+Cw*160202,Cw*031102+Cw*160201,,,,,,
Cw*031102+Cw*0319,Cw*0312+Cw*0337,,,,,,
Cw*031102+Cw*0328,Cw*0337+Cw*0349,,,,,,
Cw*031102+Cw*0335,Cw*0313+Cw*0337,,,,,,
Cw*031102+Cw*033802,Cw*0337+Cw*0369,,,,,,
Cw*031102+Cw*0340,Cw*0337+Cw*034301,,,,,,
Cw*031102+Cw*0365,Cw*0330+Cw*0337,,,,,,
Cw*031102+Cw*04G1,Cw*0337+Cw*0452,,,,,,
Cw*031102+Cw*0716,Cw*0337+Cw*0760,,,,,,
Cw*031102+Cw*0751,Cw*0337+Cw*0779,,,,,,
Cw*031102+Cw*1403,Cw*0337+Cw*1410,,,,,,
Cw*031102+Cw*150201/1513,Cw*0337+Cw*1512,,,,,,
Cw*0312+Cw*0328,Cw*0319+Cw*0349,,,,,,
Cw*0312+Cw*0335,Cw*0313+Cw*0319,,,,,,
Cw*0312+Cw*033802,Cw*0319+Cw*0369,,,,,,
Cw*0312+Cw*0340,Cw*0319+Cw*034301,,,,,,
Cw*0312+Cw*0365,Cw*0319+Cw*0330,,,,,,
Cw*0312+Cw*04G1,Cw*0319+Cw*0452,,,,,,
Cw*0312+Cw*07G2,Cw*0319+Cw*075601,,,,,,
Cw*0312+Cw*0716,Cw*0319+Cw*0760,,,,,,
Cw*0312+Cw*0751,Cw*0319+Cw*0779,,,,,,
Cw*0312+Cw*1403,Cw*0319+Cw*1410,,,,,,
Cw*0312+Cw*150201/1513,Cw*0319+Cw*1512,,,,,,
Cw*0312+Cw*1505G1,Cw*0326+Cw*1512,,,,,,
Cw*0312+Cw*1509,Cw*0340+Cw*1512,Cw*034301+Cw*150201/1513,,,,,
Cw*0312+Cw*1520,Cw*034301+Cw*1517,,,,,,
Cw*0313+Cw*0328,Cw*0335+Cw*0349,,,,,,
Cw*0313+Cw*033802,Cw*0335+Cw*0369,,,,,,
Cw*0313+Cw*0340,Cw*0335+Cw*034301,,,,,,
Cw*0313+Cw*0365,Cw*0330+Cw*0335,,,,,,
Cw*0313+Cw*04G1,Cw*0335+Cw*0452,,,,,,
Cw*0313+Cw*07G2,Cw*0335+Cw*075601,,,,,,
Cw*0313+Cw*0716,Cw*0335+Cw*0760,,,,,,
Cw*0313+Cw*0751,Cw*0335+Cw*0779,,,,,,
Cw*0313+Cw*1403,Cw*0335+Cw*1410,,,,,,
Cw*0313+Cw*150201/1513,Cw*0335+Cw*1512,,,,,,
Cw*0315+Cw*0436,Cw*0360+Cw*04G1,,,,,,
Cw*0315+Cw*0739,Cw*0360+Cw*0776,,,,,,
Cw*0315+Cw*0740,Cw*0360+Cw*0709,,,,,,
Cw*0315+Cw*1507,Cw*0360+Cw*1503,,,,,,
Cw*0317+Cw*05G1,Cw*0335+Cw*0516,,,,,,
Cw*0317+Cw*072701,Cw*0335+Cw*0731,,,,,,
Cw*0317+Cw*080201,Cw*0335+Cw*0812,,,,,,
Cw*0318+Cw*07G1,Cw*0339+Cw*0792,,,,,,
Cw*0318+Cw*1216,Cw*0339+Cw*120201/120202,,,,,,
Cw*0319+Cw*1505G1,Cw*0326+Cw*150201/1513,,,,,,
Cw*0319+Cw*1509,Cw*0340+Cw*150201/1513,Cw*0342+Cw*1526,,,,,
Cw*0319+Cw*1520,Cw*0340+Cw*1517,,,,,,
Cw*0321+Cw*0511,Cw*0355+Cw*0508,,,,,,
Cw*0321+Cw*0604,Cw*0355+Cw*060201/060203,,,,,,
Cw*0321+Cw*07G1,Cw*0355+Cw*0722,,,,,,
Cw*0321+Cw*0804,Cw*0355+Cw*0829,,,,,,
Cw*0321+Cw*1218,Cw*0355+Cw*120201/120202,,,,,,
Cw*0321+Cw*1220,Cw*0355+Cw*12G1,,,,,,
Cw*0326+Cw*0504,Cw*0340+Cw*0522,,,,,,
Cw*0326+Cw*07G2,Cw*0340+Cw*0713,,,,,,
Cw*0326+Cw*075601,Cw*034301+Cw*0713,,,,,,
Cw*0326+Cw*1509,Cw*0340+Cw*1505G1,,,,,,
Cw*0328+Cw*0330,Cw*0349+Cw*0365,,,,,,
Cw*0328+Cw*034301,Cw*0340+Cw*0349,,,,,,
Cw*0328+Cw*0369,Cw*033802+Cw*0349,,,,,,
Cw*0328+Cw*0434,Cw*0377+Cw*0408,,,,,,
Cw*0328+Cw*0452,Cw*0349+Cw*04G1,,,,,,
Cw*0328+Cw*0760,Cw*0349+Cw*0716,,,,,,
Cw*0328+Cw*0779,Cw*0349+Cw*0751,,,,,,
Cw*0328+Cw*1410,Cw*0349+Cw*1403,,,,,,
Cw*0328+Cw*1503,Cw*033802+Cw*1508,,,,,,
Cw*0328+Cw*151002,Cw*0364+Cw*1508,,,,,,
Cw*0330+Cw*033802,Cw*0365+Cw*0369,,,,,,
Cw*0330+Cw*0340,Cw*034301+Cw*0365,,,,,,
Cw*0330+Cw*0412,Cw*0353+Cw*0418,,,,,,
Cw*0330+Cw*0443,Cw*0352+Cw*0418,,,,,,
Cw*0330+Cw*07G2,Cw*0365+Cw*075601,,,,,,
Cw*0330+Cw*0716,Cw*0365+Cw*0760,,,,,,
Cw*0330+Cw*0751,Cw*0365+Cw*0779,,,,,,
Cw*0330+Cw*1403,Cw*0365+Cw*1410,,,,,,
Cw*0330+Cw*150201/1513,Cw*0365+Cw*1512,,,,,,
Cw*0331+Cw*0737,Cw*0349+Cw*0719,,,,,,
Cw*0331+Cw*1217,Cw*0353+Cw*1208,,,,,,
Cw*0332+Cw*0336,Cw*0360+Cw*0377,,,,,,
Cw*0332+Cw*04G1,Cw*0345+Cw*0429,,,,,,
Cw*0332+Cw*0410,Cw*0345+Cw*0436,,,,,,
Cw*0332+Cw*0508,Cw*0345+Cw*0829,,,,,,
Cw*0332+Cw*0509,Cw*0345+Cw*0815,,,,,,
Cw*0332+Cw*0511,Cw*0345+Cw*0804,,,,,,
Cw*0332+Cw*0516,Cw*0345+Cw*0812,,,,,,
Cw*0332+Cw*0523,Cw*0345+Cw*0807,,,,,,
Cw*0332+Cw*0525,Cw*0345+Cw*0828,,,,,,
Cw*0332+Cw*060201/060203,Cw*0345+Cw*0611,,,,,,
Cw*0332+Cw*0709,Cw*0345+Cw*07G1,,,,,,
Cw*0332+Cw*0776,Cw*0345+Cw*07G2,,,,,,
Cw*0332+Cw*0805,Cw*033802+Cw*0828,,,,,,
Cw*0332+Cw*0810,Cw*0345+Cw*08G1,,,,,,
Cw*0332+Cw*1212,Cw*0370+Cw*1228,,,,,,
Cw*0332+Cw*150201/1513,Cw*0345+Cw*1507,,,,,,
Cw*0332+Cw*160201,Cw*0345+Cw*160101,,,,,,
Cw*0334+Cw*0452,Cw*0355+Cw*0432,,,,,,
Cw*0334+Cw*075601,Cw*0355+Cw*0715,,,,,,
Cw*0337+Cw*0628,Cw*0364+Cw*060201/060203,,,,,,
Cw*0337+Cw*0773,Cw*0364+Cw*07G1,,,,,,
Cw*0337+Cw*0792,Cw*0364+Cw*0726,,,,,,
Cw*0337+Cw*080301,Cw*0364+Cw*0814,,,,,,
Cw*033801+Cw*05G1,Cw*033802+Cw*050103,,,,,,
Cw*033801+Cw*07G1,Cw*033802+Cw*070107,,,,,,
Cw*033801+Cw*070401/0711,Cw*033802+Cw*070403,,,,,,
Cw*033801+Cw*072701,Cw*033802+Cw*072702,,,,,,
Cw*033801+Cw*120203,Cw*033802+Cw*120201/120202,,,,,,
Cw*033802+Cw*034301,Cw*0340+Cw*0369,,,,,,
Cw*033802+Cw*0452,Cw*0369+Cw*04G1,,,,,,
Cw*033802+Cw*0525,Cw*0345+Cw*0805,,,,,,
Cw*033802+Cw*075601,Cw*0369+Cw*07G2,,,,,,
Cw*033802+Cw*0760,Cw*0369+Cw*0716,,,,,,
Cw*033802+Cw*0779,Cw*0369+Cw*0751,,,,,,
Cw*033802+Cw*1410,Cw*0369+Cw*1403,,,,,,
Cw*033802+Cw*151002,Cw*0364+Cw*1503,,,,,,
Cw*0340+Cw*041502,Cw*0342+Cw*0417,,,,,,
Cw*0340+Cw*0452,Cw*034301+Cw*04G1,,,,,,
Cw*0340+Cw*05G1,Cw*0342+Cw*0505,,,,,,
Cw*0340+Cw*075601,Cw*034301+Cw*07G2,,,,,,
Cw*0340+Cw*0760,Cw*034301+Cw*0716,,,,,,
Cw*0340+Cw*0779,Cw*034301+Cw*0751,,,,,,
Cw*0340+Cw*1410,Cw*034301+Cw*1403,,,,,,
Cw*0342+Cw*0516,Cw*0371+Cw*0510,,,,,,
Cw*0342+Cw*0731,Cw*0371+Cw*0743,,,,,,
Cw*034301+Cw*040107,Cw*034302+Cw*040108,,,,,,
Cw*034301+Cw*040109,Cw*034302+Cw*04G1,,,,,,
Cw*034301+Cw*040402,Cw*034302+Cw*040401,,,,,,
Cw*034301+Cw*140202,Cw*034302+Cw*140201,,,,,,
Cw*0349+Cw*1503,Cw*0369+Cw*1508,,,,,,
Cw*0352+Cw*0412,Cw*0353+Cw*0443,,,,,,
Cw*0354+Cw*0418,Cw*0365+Cw*0448,,,,,,
Cw*04G1+Cw*040107,Cw*040108+Cw*040109,,,,,,
Cw*04G1+Cw*040402,Cw*040109+Cw*040401,,,,,,
Cw*04G1+Cw*0406,Cw*0403+Cw*040401,,,,,,
Cw*04G1+Cw*0411,Cw*0433+Cw*0436,,,,,,
Cw*04G1+Cw*0436,Cw*0410+Cw*0429,,,,,,
Cw*04G1+Cw*05G1,Cw*0433+Cw*0525,,,,,,
Cw*04G1+Cw*0511,Cw*040401+Cw*05G1,,,,,,
Cw*04G1+Cw*0515,Cw*0449+Cw*05G1,,,,,,
Cw*04G1+Cw*0522,Cw*0423+Cw*05G1,,,,,,
Cw*04G1+Cw*0527,Cw*0408+Cw*0511,,,,,,
Cw*04G1+Cw*0604,Cw*040401+Cw*0606,,,,,,
Cw*04G1+Cw*0608,Cw*0432+Cw*060201/060203,,,,,,
Cw*04G1+Cw*0611,Cw*0429+Cw*060201/060203,,,,,,
Cw*04G1+Cw*07G1,Cw*0429+Cw*0709,,,,,,
Cw*04G1+Cw*07G2,Cw*040401+Cw*0737,Cw*0429+Cw*0776,,,,,
Cw*04G1+Cw*0707,Cw*0433+Cw*0709,,,,,,
Cw*04G1+Cw*0715,Cw*0432+Cw*07G2,,,,,,
Cw*04G1+Cw*0716,Cw*0429+Cw*0707,Cw*0433+Cw*07G1,,,,,
Cw*04G1+Cw*072701,Cw*041502+Cw*0708,,,,,,
Cw*04G1+Cw*0739,Cw*0410+Cw*07G2,Cw*0436+Cw*0776,,,,,
Cw*04G1+Cw*0740,Cw*0410+Cw*07G1,Cw*0436+Cw*0709,,,,,
Cw*04G1+Cw*0751,Cw*0433+Cw*07G2,,,,,,
Cw*04G1+Cw*075601,Cw*0452+Cw*07G2,,,,,,
Cw*04G1+Cw*0760,Cw*0452+Cw*0716,,,,,,
Cw*04G1+Cw*0779,Cw*0433+Cw*075601,Cw*0452+Cw*0751,,,,,
Cw*04G1+Cw*08G1,Cw*0410+Cw*0821,Cw*0429+Cw*0810,,,,,
Cw*04G1+Cw*080201,Cw*0410+Cw*0805,Cw*0429+Cw*05G1,Cw*0433+Cw*0828,,,,
Cw*04G1+Cw*0804,Cw*040401+Cw*080201,Cw*0429+Cw*0511,,,,,
Cw*04G1+Cw*0807,Cw*0429+Cw*0523,,,,,,
Cw*04G1+Cw*0812,Cw*0429+Cw*0516,,,,,,
Cw*04G1+Cw*0815,Cw*0429+Cw*0509,,,,,,
Cw*04G1+Cw*0828,Cw*0429+Cw*0525,,,,,,
Cw*04G1+Cw*0829,Cw*0429+Cw*0508,,,,,,
Cw*04G1+Cw*0831,Cw*0432+Cw*0829,,,,,,
Cw*04G1+Cw*120201/120202,Cw*041501+Cw*1210,,,,,,
Cw*04G1+Cw*12G1,Cw*0429+Cw*120402,Cw*0433+Cw*1228,,,,,
Cw*04G1+Cw*1205,Cw*0410+Cw*120402,,,,,,
Cw*04G1+Cw*1217,Cw*0412+Cw*120201/120202,,,,,,
Cw*04G1+Cw*1220,Cw*040401+Cw*1224,,,,,,
Cw*04G1+Cw*140201,Cw*0429+Cw*1412,Cw*0433+Cw*1413,,,,,
Cw*04G1+Cw*140202,Cw*040109+Cw*140201,,,,,,
Cw*04G1+Cw*1405,Cw*041502+Cw*140201,,,,,,
Cw*04G1+Cw*1406,Cw*040401+Cw*140201,,,,,,
Cw*04G1+Cw*1410,Cw*0452+Cw*1403,,,,,,
Cw*04G1+Cw*1415,Cw*0413+Cw*140201,,,,,,
Cw*04G1+Cw*150201/1513,Cw*040401+Cw*1508,Cw*0410+Cw*1503,,,,,
Cw*04G1+Cw*150205,Cw*040108+Cw*150201/1513,,,,,,
Cw*04G1+Cw*1506,Cw*0423+Cw*1524,,,,,,
Cw*04G1+Cw*1507,Cw*0429+Cw*150201/1513,Cw*0436+Cw*1503,,,,,
Cw*04G1+Cw*1512,Cw*0452+Cw*150201/1513,,,,,,
Cw*04G1+Cw*1515,Cw*0408+Cw*150201/1513,,,,,,
Cw*04G1+Cw*1517,Cw*0410+Cw*1516,,,,,,
Cw*04G1+Cw*160101,Cw*0410+Cw*1615,Cw*0429+Cw*160201,,,,,
Cw*04G1+Cw*160103,Cw*040115+Cw*160101,,,,,,
Cw*04G1+Cw*170103,Cw*040115+Cw*17G1,,,,,,
Cw*040105+Cw*080201,Cw*040109+Cw*080202,,,,,,
Cw*040105+Cw*0804,Cw*040402+Cw*080202,,,,,,
Cw*040105+Cw*120308,Cw*040109+Cw*12G1,,,,,,
Cw*040107+Cw*040401,Cw*040108+Cw*040402,,,,,,
Cw*040107+Cw*140201,Cw*040108+Cw*140202,,,,,,
Cw*040107+Cw*150201/1513,Cw*040109+Cw*150205,,,,,,
Cw*040108+Cw*1507,Cw*0429+Cw*150205,,,,,,
Cw*040108+Cw*1512,Cw*0452+Cw*150205,,,,,,
Cw*040108+Cw*1515,Cw*0408+Cw*150205,,,,,,
Cw*040109+Cw*0406,Cw*0403+Cw*040402,,,,,,
Cw*040109+Cw*0511,Cw*040402+Cw*05G1,,,,,,
Cw*040109+Cw*0604,Cw*040402+Cw*0606,,,,,,
Cw*040109+Cw*07G2,Cw*040402+Cw*0737,,,,,,
Cw*040109+Cw*0804,Cw*040402+Cw*080201,,,,,,
Cw*040109+Cw*1220,Cw*040402+Cw*1224,,,,,,
Cw*040109+Cw*1405,Cw*041502+Cw*140202,,,,,,
Cw*040109+Cw*1406,Cw*040401+Cw*140202,Cw*040402+Cw*140201,,,,,
Cw*040109+Cw*1415,Cw*0413+Cw*140202,,,,,,
Cw*040109+Cw*150201/1513,Cw*040402+Cw*1508,,,,,,
Cw*0403+Cw*0511,Cw*0406+Cw*05G1,,,,,,
Cw*0403+Cw*0604,Cw*0406+Cw*0606,,,,,,
Cw*0403+Cw*07G2,Cw*0406+Cw*0737,,,,,,
Cw*0403+Cw*0804,Cw*0406+Cw*080201,,,,,,
Cw*0403+Cw*1220,Cw*0406+Cw*1224,,,,,,
Cw*0403+Cw*1406,Cw*0406+Cw*140201,,,,,,
Cw*0403+Cw*150201/1513,Cw*0406+Cw*1508,,,,,,
Cw*040401+Cw*0515,Cw*0449+Cw*0511,,,,,,
Cw*040401+Cw*0522,Cw*0423+Cw*0511,,,,,,
Cw*040401+Cw*0753,Cw*0414+Cw*07G1,,,,,,
Cw*040401+Cw*1405,Cw*041502+Cw*1406,,,,,,
Cw*040401+Cw*1415,Cw*0413+Cw*1406,,,,,,
Cw*0407+Cw*075602,Cw*0427+Cw*07G2,,,,,,
Cw*0408+Cw*0804,Cw*0429+Cw*0527,,,,,,
Cw*0408+Cw*1507,Cw*0429+Cw*1515,,,,,,
Cw*0408+Cw*1512,Cw*0452+Cw*1515,,,,,,
Cw*0410+Cw*0611,Cw*0436+Cw*060201/060203,,,,,,
Cw*0410+Cw*0715,Cw*0432+Cw*0739,,,,,,
Cw*0410+Cw*0716,Cw*0411+Cw*0709,Cw*0433+Cw*0740,Cw*0436+Cw*0707,,,,
Cw*0410+Cw*0751,Cw*0411+Cw*0776,Cw*0433+Cw*0739,,,,,
Cw*0410+Cw*075601,Cw*0452+Cw*0739,,,,,,
Cw*0410+Cw*08G1,Cw*0436+Cw*0810,,,,,,
Cw*0410+Cw*080201,Cw*0411+Cw*0525,Cw*0436+Cw*05G1,,,,,
Cw*0410+Cw*0804,Cw*0436+Cw*0511,,,,,,
Cw*0410+Cw*0807,Cw*0436+Cw*0523,,,,,,
Cw*0410+Cw*0812,Cw*0436+Cw*0516,,,,,,
Cw*0410+Cw*0815,Cw*0436+Cw*0509,,,,,,
Cw*0410+Cw*0825,Cw*0429+Cw*0529,,,,,,
Cw*0410+Cw*0828,Cw*0436+Cw*0525,,,,,,
Cw*0410+Cw*0829,Cw*0436+Cw*0508,,,,,,
Cw*0410+Cw*12G1,Cw*0429+Cw*1205,Cw*0436+Cw*120402,,,,,
Cw*0410+Cw*140201,Cw*0436+Cw*1412,,,,,,
Cw*0410+Cw*1507,Cw*0436+Cw*150201/1513,,,,,,
Cw*0410+Cw*160101,Cw*0436+Cw*160201,,,,,,
Cw*0411+Cw*07G1,Cw*0436+Cw*0716,,,,,,
Cw*0411+Cw*07G2,Cw*0436+Cw*0751,,,,,,
Cw*0411+Cw*075601,Cw*0436+Cw*0779,,,,,,
Cw*0411+Cw*0828,Cw*0436+Cw*080201,,,,,,
Cw*0411+Cw*1228,Cw*0436+Cw*12G1,,,,,,
Cw*0411+Cw*1413,Cw*0436+Cw*140201,,,,,,
Cw*0411+Cw*1503,Cw*0433+Cw*1507,,,,,,
Cw*0413+Cw*1405,Cw*041502+Cw*1415,,,,,,
Cw*041501+Cw*0819,Cw*0429+Cw*050103,,,,,,
Cw*041501+Cw*1618,Cw*0437+Cw*1607,,,,,,
Cw*041502+Cw*0505,Cw*0417+Cw*05G1,,,,,,
Cw*041502+Cw*1526,Cw*0417+Cw*150201/1513,,,,,,
Cw*0423+Cw*0515,Cw*0449+Cw*0522,,,,,,
Cw*0423+Cw*080201,Cw*0429+Cw*0522,,,,,,
Cw*0429+Cw*0515,Cw*0449+Cw*080201,,,,,,
Cw*0429+Cw*0608,Cw*0432+Cw*0611,,,,,,
Cw*0429+Cw*0739,Cw*0436+Cw*07G2,,,,,,
Cw*0429+Cw*0740,Cw*0436+Cw*07G1,,,,,,
Cw*0429+Cw*08G1,Cw*0436+Cw*0821,,,,,,
Cw*0429+Cw*080201,Cw*0436+Cw*0805,,,,,,
Cw*0429+Cw*1512,Cw*0452+Cw*1507,,,,,,
Cw*0429+Cw*1517,Cw*0436+Cw*1516,,,,,,
Cw*0429+Cw*160101,Cw*0436+Cw*1615,,,,,,
Cw*0432+Cw*0751,Cw*0433+Cw*0715,,,,,,
Cw*0432+Cw*075601,Cw*0452+Cw*0715,,,,,,
Cw*05G1+Cw*060201/060203,Cw*0504+Cw*0609,Cw*0508+Cw*0606,,,,,
Cw*05G1+Cw*0604,Cw*0511+Cw*0606,,,,,,
Cw*05G1+Cw*0611,Cw*060201/060203+Cw*080201,Cw*0606+Cw*0829,,,,,
Cw*05G1+Cw*0613,Cw*0534+Cw*060201/060203,,,,,,
Cw*05G1+Cw*0614,Cw*0510+Cw*060201/060203,,,,,,
Cw*05G1+Cw*07G1,Cw*0504+Cw*0728,Cw*0525+Cw*0716,Cw*0707+Cw*0828,Cw*0709+Cw*080201,,,
Cw*05G1+Cw*070103,Cw*050107+Cw*07G1,,,,,,
Cw*05G1+Cw*070107,Cw*050103+Cw*07G1,,,,,,
Cw*05G1+Cw*07G2,Cw*0511+Cw*0737,Cw*0523+Cw*0717,Cw*0525+Cw*0751,Cw*0776+Cw*080201,,,
Cw*05G1+Cw*070205,Cw*050109+Cw*07G2,,,,,,
Cw*05G1+Cw*070401/0711,Cw*0523+Cw*0712,,,,,,
Cw*05G1+Cw*070403,Cw*050103+Cw*070401/0711,,,,,,
Cw*05G1+Cw*0709,Cw*0525+Cw*0707,,,,,,
Cw*05G1+Cw*0710,Cw*0510+Cw*07G2,,,,,,
Cw*05G1+Cw*0716,Cw*0707+Cw*080201,,,,,,
Cw*05G1+Cw*072702,Cw*050103+Cw*072701,,,,,,
Cw*05G1+Cw*0731,Cw*0516+Cw*072701,,,,,,
Cw*05G1+Cw*0743,Cw*0510+Cw*072701,,,,,,
Cw*05G1+Cw*0745,Cw*0509+Cw*070401/0711,,,,,,
Cw*05G1+Cw*0749,Cw*0520+Cw*0776,,,,,,
Cw*05G1+Cw*075601,Cw*0525+Cw*0779,,,,,,
Cw*05G1+Cw*0775,Cw*0521+Cw*07G2,,,,,,
Cw*05G1+Cw*08G1,Cw*080201+Cw*0810,,,,,,
Cw*05G1+Cw*080102,Cw*050103+Cw*08G1,,,,,,
Cw*05G1+Cw*0804,Cw*0511+Cw*080201,,,,,,
Cw*05G1+Cw*0807,Cw*0523+Cw*080201,,,,,,
Cw*05G1+Cw*0811,Cw*0504+Cw*08G1,,,,,,
Cw*05G1+Cw*0812,Cw*0516+Cw*080201,,,,,,
Cw*05G1+Cw*0813,Cw*0529+Cw*0804,,,,,,
Cw*05G1+Cw*0815,Cw*0509+Cw*080201,,,,,,
Cw*05G1+Cw*0816,Cw*0529+Cw*08G1,,,,,,
Cw*05G1+Cw*0821,Cw*0805+Cw*0810,,,,,,
Cw*05G1+Cw*0825,Cw*0529+Cw*0805,,,,,,
Cw*05G1+Cw*0827,Cw*0518+Cw*0829,,,,,,
Cw*05G1+Cw*0828,Cw*0525+Cw*080201,,,,,,
Cw*05G1+Cw*0829,Cw*0508+Cw*080201,,,,,,
Cw*05G1+Cw*120201/120202,Cw*050103+Cw*120203,,,,,,
Cw*05G1+Cw*12G1,Cw*0508+Cw*1224,Cw*080201+Cw*120402,Cw*0805+Cw*1205,,,,
Cw*05G1+Cw*120304,Cw*080202+Cw*120401,,,,,,
Cw*05G1+Cw*1220,Cw*0511+Cw*1224,,,,,,
Cw*05G1+Cw*1228,Cw*0525+Cw*12G1,Cw*0828+Cw*120402,,,,,
Cw*05G1+Cw*140201,Cw*080201+Cw*1412,,,,,,
Cw*05G1+Cw*1406,Cw*0511+Cw*140201,Cw*0804+Cw*1412,,,,,
Cw*05G1+Cw*1413,Cw*0525+Cw*140201,Cw*0828+Cw*1412,,,,,
Cw*05G1+Cw*150201/1513,Cw*0511+Cw*1508,,,,,,
Cw*05G1+Cw*1505G1,Cw*0510+Cw*1522,,,,,,
Cw*05G1+Cw*1506,Cw*0522+Cw*1524,,,,,,
Cw*05G1+Cw*1507,Cw*0520+Cw*1521,Cw*080201+Cw*150201/1513,Cw*0804+Cw*1508,,,,
Cw*05G1+Cw*1511,Cw*0526+Cw*1517,,,,,,
Cw*05G1+Cw*1515,Cw*0527+Cw*1508,,,,,,
Cw*05G1+Cw*1526,Cw*0505+Cw*150201/1513,,,,,,
Cw*05G1+Cw*160101,Cw*080201+Cw*160201,,,,,,
Cw*05G1+Cw*1615,Cw*0805+Cw*160201,,,,,,
Cw*05G1+Cw*17G1,Cw*0529+Cw*1705,,,,,,
Cw*050103+Cw*070103,Cw*050107+Cw*070107,,,,,,
Cw*050103+Cw*0731,Cw*0516+Cw*072702,,,,,,
Cw*050103+Cw*0743,Cw*0510+Cw*072702,,,,,,
Cw*050103+Cw*0745,Cw*0509+Cw*070403,,,,,,
Cw*050103+Cw*0811,Cw*0504+Cw*080102,,,,,,
Cw*050103+Cw*0816,Cw*0529+Cw*080102,,,,,,
Cw*050103+Cw*1405,Cw*0516+Cw*1409,,,,,,
Cw*050103+Cw*160101,Cw*0516+Cw*1607,,,,,,
Cw*050109+Cw*0710,Cw*0510+Cw*070205,,,,,,
Cw*050109+Cw*0775,Cw*0521+Cw*070205,,,,,,
Cw*0504+Cw*0713,Cw*0522+Cw*07G2,,,,,,
Cw*0504+Cw*0816,Cw*0529+Cw*0811,,,,,,
Cw*0504+Cw*1505G1,Cw*0522+Cw*1509,,,,,,
Cw*0505+Cw*1507,Cw*080201+Cw*1526,,,,,,
Cw*0508+Cw*0604,Cw*0511+Cw*060201/060203,,,,,,
Cw*0508+Cw*0611,Cw*060201/060203+Cw*0829,,,,,,
Cw*0508+Cw*07G1,Cw*0511+Cw*0722,Cw*0709+Cw*0829,,,,,
Cw*0508+Cw*07G2,Cw*0776+Cw*0829,,,,,,
Cw*0508+Cw*0715,Cw*0776+Cw*0831,,,,,,
Cw*0508+Cw*0716,Cw*0707+Cw*0829,,,,,,
Cw*0508+Cw*08G1,Cw*0810+Cw*0829,,,,,,
Cw*0508+Cw*0804,Cw*0511+Cw*0829,,,,,,
Cw*0508+Cw*0807,Cw*0523+Cw*0829,,,,,,
Cw*0508+Cw*0812,Cw*0516+Cw*0829,,,,,,
Cw*0508+Cw*0815,Cw*0509+Cw*0829,,,,,,
Cw*0508+Cw*0828,Cw*0525+Cw*0829,,,,,,
Cw*0508+Cw*12G1,Cw*0829+Cw*120402,,,,,,
Cw*0508+Cw*1218,Cw*0511+Cw*120201/120202,,,,,,
Cw*0508+Cw*1220,Cw*0511+Cw*12G1,Cw*0804+Cw*120402,,,,,
Cw*0508+Cw*140201,Cw*0829+Cw*1412,,,,,,
Cw*0508+Cw*1507,Cw*0829+Cw*150201/1513,,,,,,
Cw*0508+Cw*160101,Cw*0829+Cw*160201,,,,,,
Cw*0509+Cw*0611,Cw*060201/060203+Cw*0815,,,,,,
Cw*0509+Cw*07G1,Cw*0709+Cw*0815,,,,,,
Cw*0509+Cw*07G2,Cw*0776+Cw*0815,,,,,,
Cw*0509+Cw*0716,Cw*0707+Cw*0815,,,,,,
Cw*0509+Cw*08G1,Cw*0810+Cw*0815,,,,,,
Cw*0509+Cw*0804,Cw*0511+Cw*0815,,,,,,
Cw*0509+Cw*0807,Cw*0523+Cw*0815,,,,,,
Cw*0509+Cw*0812,Cw*0516+Cw*0815,,,,,,
Cw*0509+Cw*0828,Cw*0525+Cw*0815,,,,,,
Cw*0509+Cw*12G1,Cw*0815+Cw*120402,,,,,,
Cw*0509+Cw*140201,Cw*0815+Cw*1412,,,,,,
Cw*0509+Cw*1507,Cw*0815+Cw*150201/1513,,,,,,
Cw*0509+Cw*160101,Cw*0815+Cw*160201,,,,,,
Cw*0510+Cw*0611,Cw*0614+Cw*080201,,,,,,
Cw*0510+Cw*0613,Cw*0534+Cw*0614,,,,,,
Cw*0510+Cw*0731,Cw*0516+Cw*0743,,,,,,
Cw*0510+Cw*0775,Cw*0521+Cw*0710,,,,,,
Cw*0511+Cw*0611,Cw*060201/060203+Cw*0804,Cw*0604+Cw*0829,,,,,
Cw*0511+Cw*07G1,Cw*0709+Cw*0804,,,,,,
Cw*0511+Cw*07G2,Cw*0776+Cw*0804,,,,,,
Cw*0511+Cw*0716,Cw*0707+Cw*0804,,,,,,
Cw*0511+Cw*08G1,Cw*0804+Cw*0810,,,,,,
Cw*0511+Cw*0807,Cw*0523+Cw*0804,,,,,,
Cw*0511+Cw*0812,Cw*0516+Cw*0804,,,,,,
Cw*0511+Cw*0816,Cw*0810+Cw*0813,,,,,,
Cw*0511+Cw*0828,Cw*0525+Cw*0804,,,,,,
Cw*0511+Cw*1413,Cw*0525+Cw*1406,,,,,,
Cw*0511+Cw*1507,Cw*0804+Cw*150201/1513,,,,,,
Cw*0511+Cw*1515,Cw*0527+Cw*150201/1513,,,,,,
Cw*0511+Cw*160101,Cw*0804+Cw*160201,,,,,,
Cw*0516+Cw*0611,Cw*060201/060203+Cw*0812,,,,,,
Cw*0516+Cw*07G1,Cw*0709+Cw*0812,,,,,,
Cw*0516+Cw*07G2,Cw*0776+Cw*0812,,,,,,
Cw*0516+Cw*0716,Cw*0707+Cw*0812,,,,,,
Cw*0516+Cw*08G1,Cw*0810+Cw*0812,,,,,,
Cw*0516+Cw*0807,Cw*0523+Cw*0812,,,,,,
Cw*0516+Cw*0828,Cw*0525+Cw*0812,,,,,,
Cw*0516+Cw*12G1,Cw*0812+Cw*120402,,,,,,
Cw*0516+Cw*140201,Cw*0812+Cw*1412,,,,,,
Cw*0516+Cw*1507,Cw*0812+Cw*150201/1513,,,,,,
Cw*0516+Cw*160101,Cw*0812+Cw*160201,,,,,,
Cw*0518+Cw*0611,Cw*0606+Cw*0827,,,,,,
Cw*0520+Cw*07G2,Cw*0749+Cw*080201,,,,,,
Cw*0523+Cw*0611,Cw*060201/060203+Cw*0807,,,,,,
Cw*0523+Cw*07G1,Cw*0709+Cw*0807,,,,,,
Cw*0523+Cw*07G2,Cw*0776+Cw*0807,,,,,,
Cw*0523+Cw*0716,Cw*0707+Cw*0807,,,,,,
Cw*0523+Cw*08G1,Cw*0807+Cw*0810,,,,,,
Cw*0523+Cw*0828,Cw*0525+Cw*0807,,,,,,
Cw*0523+Cw*12G1,Cw*0807+Cw*120402,,,,,,
Cw*0523+Cw*140201,Cw*0807+Cw*1412,,,,,,
Cw*0523+Cw*1507,Cw*0807+Cw*150201/1513,,,,,,
Cw*0523+Cw*160101,Cw*0807+Cw*160201,,,,,,
Cw*0525+Cw*0611,Cw*060201/060203+Cw*0828,,,,,,
Cw*0525+Cw*07G1,Cw*0709+Cw*0828,,,,,,
Cw*0525+Cw*07G2,Cw*0776+Cw*0828,,,,,,
Cw*0525+Cw*08G1,Cw*0810+Cw*0828,,,,,,
Cw*0525+Cw*1507,Cw*0828+Cw*150201/1513,,,,,,
Cw*0525+Cw*160101,Cw*0828+Cw*160201,,,,,,
Cw*0527+Cw*1507,Cw*0804+Cw*1515,,,,,,
Cw*0529+Cw*0821,Cw*0810+Cw*0825,,,,,,
Cw*0529+Cw*12G1,Cw*0825+Cw*1205,,,,,,
Cw*0529+Cw*1406,Cw*0813+Cw*1412,,,,,,
Cw*0529+Cw*1507,Cw*0813+Cw*1508,,,,,,
Cw*0529+Cw*1615,Cw*0825+Cw*160201,,,,,,
Cw*0534+Cw*0611,Cw*0613+Cw*080201,,,,,,
Cw*060201/060203+Cw*07G1,Cw*0604+Cw*0722,Cw*0611+Cw*0709,,,,,
Cw*060201/060203+Cw*07G2,Cw*0611+Cw*0776,,,,,,
Cw*060201/060203+Cw*0710,Cw*0614+Cw*07G2,,,,,,
Cw*060201/060203+Cw*0715,Cw*0608+Cw*07G2,,,,,,
Cw*060201/060203+Cw*0716,Cw*0611+Cw*0707,,,,,,
Cw*060201/060203+Cw*0728,Cw*0609+Cw*07G1,,,,,,
Cw*060201/060203+Cw*0743,Cw*0614+Cw*072701,,,,,,
Cw*060201/060203+Cw*0773,Cw*0628+Cw*07G1,,,,,,
Cw*060201/060203+Cw*0792,Cw*0628+Cw*0726,,,,,,
Cw*060201/060203+Cw*0796,Cw*0603+Cw*0720,,,,,,
Cw*060201/060203+Cw*08G1,Cw*0609+Cw*0811,Cw*0611+Cw*0810,,,,,
Cw*060201/060203+Cw*080301,Cw*0628+Cw*0814,,,,,,
Cw*060201/060203+Cw*0831,Cw*0608+Cw*0829,,,,,,
Cw*060201/060203+Cw*12G1,Cw*0611+Cw*120402,,,,,,
Cw*060201/060203+Cw*120304,Cw*0617+Cw*120309,,,,,,
Cw*060201/060203+Cw*1218,Cw*0604+Cw*120201/120202,,,,,,
Cw*060201/060203+Cw*1220,Cw*0604+Cw*12G1,,,,,,
Cw*060201/060203+Cw*1224,Cw*0606+Cw*12G1,,,,,,
Cw*060201/060203+Cw*140201,Cw*0611+Cw*1412,,,,,,
Cw*060201/060203+Cw*1505G1,Cw*0603+Cw*1523,Cw*0614+Cw*1522,,,,,
Cw*060201/060203+Cw*1507,Cw*0611+Cw*150201/1513,,,,,,
Cw*060201/060203+Cw*160101,Cw*0611+Cw*160201,,,,,,
Cw*060201/060203+Cw*160104,Cw*060205+Cw*160101,,,,,,
Cw*060201/060203+Cw*1611,Cw*0618+Cw*160101,,,,,,
Cw*060201/060203+Cw*1618,Cw*0623+Cw*160101,,,,,,
Cw*060205+Cw*1611,Cw*0618+Cw*160104,,,,,,
Cw*060205+Cw*1618,Cw*0623+Cw*160104,,,,,,
Cw*0604+Cw*0737,Cw*0606+Cw*07G2,,,,,,
Cw*0604+Cw*080201,Cw*0606+Cw*0804,,,,,,
Cw*0604+Cw*0831,Cw*0608+Cw*0804,,,,,,
Cw*0604+Cw*1224,Cw*0606+Cw*1220,,,,,,
Cw*0604+Cw*140201,Cw*0606+Cw*1406,,,,,,
Cw*0604+Cw*1508,Cw*0606+Cw*150201/1513,,,,,,
Cw*0606+Cw*0831,Cw*0608+Cw*080201,,,,,,
Cw*0606+Cw*1803,Cw*0608+Cw*1801/1802,,,,,,
Cw*0608+Cw*0710,Cw*0614+Cw*0715,,,,,,
Cw*0609+Cw*0773,Cw*0628+Cw*0728,,,,,,
Cw*0618+Cw*1618,Cw*0623+Cw*1611,,,,,,
Cw*07G1+Cw*07G2,Cw*0719+Cw*072701,,,,,,
Cw*07G1+Cw*070204,Cw*070105+Cw*07G2,,,,,,
Cw*07G1+Cw*070403,Cw*070107+Cw*070401/0711,,,,,,
Cw*07G1+Cw*0707,Cw*0709+Cw*0716,,,,,,
Cw*07G1+Cw*0710,Cw*0719+Cw*0743,,,,,,
Cw*07G1+Cw*072702,Cw*070107+Cw*072701,,,,,,
Cw*07G1+Cw*0739,Cw*07G2+Cw*0740,,,,,,
Cw*07G1+Cw*0751,Cw*07G2+Cw*0716,,,,,,
Cw*07G1+Cw*0776,Cw*07G2+Cw*0709,,,,,,
Cw*07G1+Cw*0779,Cw*07G2+Cw*0760,Cw*0716+Cw*075601,,,,,
Cw*07G1+Cw*0792,Cw*0726+Cw*0773,,,,,,
Cw*07G1+Cw*08G1,Cw*0728+Cw*0811,Cw*0740+Cw*0821,,,,,
Cw*07G1+Cw*080102,Cw*070107+Cw*08G1,,,,,,
Cw*07G1+Cw*080201,Cw*0716+Cw*0828,Cw*0740+Cw*0805,,,,,
Cw*07G1+Cw*080301,Cw*0773+Cw*0814,,,,,,
Cw*07G1+Cw*0810,Cw*0709+Cw*08G1,,,,,,
Cw*07G1+Cw*0829,Cw*0722+Cw*0804,,,,,,
Cw*07G1+Cw*120201/120202,Cw*070107+Cw*120203,Cw*0722+Cw*1218,Cw*072701+Cw*1208,Cw*0792+Cw*1216,,,
Cw*07G1+Cw*12G1,Cw*0716+Cw*1228,Cw*0722+Cw*1220,,,,,
Cw*07G1+Cw*120302,Cw*070108+Cw*120308,,,,,,
Cw*07G1+Cw*120402,Cw*0707+Cw*1228,Cw*0709+Cw*12G1,,,,,
Cw*07G1+Cw*1205,Cw*0740+Cw*120402,,,,,,
Cw*07G1+Cw*1206,Cw*0782+Cw*12G1,,,,,,
Cw*07G1+Cw*1211,Cw*0719+Cw*12G1,,,,,,
Cw*07G1+Cw*140201,Cw*0716+Cw*1413,,,,,,
Cw*07G1+Cw*1412,Cw*0707+Cw*1413,Cw*0709+Cw*140201,,,,,
Cw*07G1+Cw*150201/1513,Cw*0709+Cw*1507,Cw*0740+Cw*1503,,,,,
Cw*07G1+Cw*1516,Cw*072701+Cw*1503,,,,,,
Cw*07G1+Cw*1517,Cw*072701+Cw*150201/1513,Cw*0740+Cw*1516,,,,,
Cw*07G1+Cw*1520,Cw*072701+Cw*1509,,,,,,
Cw*07G1+Cw*160101,Cw*0740+Cw*1615,,,,,,
Cw*07G1+Cw*160201,Cw*0709+Cw*160101,,,,,,
Cw*07G1+Cw*1613,Cw*0724+Cw*160101,,,,,,
Cw*070105+Cw*0714,Cw*072702+Cw*0757,,,,,,
Cw*070105+Cw*0739,Cw*070204+Cw*0740,,,,,,
Cw*070105+Cw*0751,Cw*070204+Cw*0716,,,,,,
Cw*070105+Cw*0776,Cw*070204+Cw*0709,,,,,,
Cw*070105+Cw*0779,Cw*070204+Cw*0760,,,,,,
Cw*070107+Cw*07G2,Cw*0719+Cw*072702,,,,,,
Cw*070107+Cw*0810,Cw*0709+Cw*080102,,,,,,
Cw*070107+Cw*120201/120202,Cw*072702+Cw*1208,,,,,,
Cw*070107+Cw*1516,Cw*072702+Cw*1503,,,,,,
Cw*070107+Cw*1517,Cw*072702+Cw*150201/1513,,,,,,
Cw*070107+Cw*1520,Cw*072702+Cw*1509,,,,,,
Cw*070107+Cw*1606,Cw*0719+Cw*1607,,,,,,
Cw*07G2+Cw*0707,Cw*0709+Cw*0751,Cw*0716+Cw*0776,,,,,
Cw*07G2+Cw*0712,Cw*070401/0711+Cw*0717,,,,,,
Cw*07G2+Cw*0743,Cw*0710+Cw*072701,,,,,,
Cw*07G2+Cw*0779,Cw*0751+Cw*075601,,,,,,
Cw*07G2+Cw*08G1,Cw*0739+Cw*0821,,,,,,
Cw*07G2+Cw*080201,Cw*0717+Cw*0807,Cw*0737+Cw*0804,Cw*0739+Cw*0805,Cw*0751+Cw*0828,,,
Cw*07G2+Cw*0810,Cw*0776+Cw*08G1,,,,,,
Cw*07G2+Cw*0831,Cw*0715+Cw*0829,,,,,,
Cw*07G2+Cw*12G1,Cw*070209+Cw*120304,Cw*072701+Cw*1211,Cw*0751+Cw*1228,,,,
Cw*07G2+Cw*120305,Cw*070213+Cw*12G1,,,,,,
Cw*07G2+Cw*120402,Cw*0776+Cw*12G1,,,,,,
Cw*07G2+Cw*1205,Cw*0739+Cw*120402,,,,,,
Cw*07G2+Cw*1208,Cw*0719+Cw*120201/120202,,,,,,
Cw*07G2+Cw*1224,Cw*0737+Cw*1220,,,,,,
Cw*07G2+Cw*140201,Cw*0737+Cw*1406,Cw*0751+Cw*1413,,,,,
Cw*07G2+Cw*140203,Cw*070209+Cw*140201,,,,,,
Cw*07G2+Cw*1410,Cw*075601+Cw*1403,,,,,,
Cw*07G2+Cw*1412,Cw*0776+Cw*140201,,,,,,
Cw*07G2+Cw*150201/1513,Cw*0719+Cw*1517,Cw*0739+Cw*1503,Cw*0749+Cw*1521,Cw*0776+Cw*1507,,,
Cw*07G2+Cw*1503,Cw*0719+Cw*1516,,,,,,
Cw*07G2+Cw*1505G1,Cw*0710+Cw*1522,Cw*0713+Cw*1509,,,,,
Cw*07G2+Cw*1506,Cw*0729+Cw*1509,,,,,,
Cw*07G2+Cw*1508,Cw*0737+Cw*150201/1513,,,,,,
Cw*07G2+Cw*1509,Cw*0719+Cw*1520,,,,,,
Cw*07G2+Cw*151002,Cw*070210+Cw*151001,,,,,,
Cw*07G2+Cw*1512,Cw*075601+Cw*150201/1513,,,,,,
Cw*07G2+Cw*1517,Cw*0739+Cw*1516,,,,,,
Cw*07G2+Cw*1519,Cw*0788+Cw*1509,,,,,,
Cw*07G2+Cw*160101,Cw*070209+Cw*160102,Cw*0731+Cw*1606,Cw*0739+Cw*1615,,,,
Cw*07G2+Cw*160201,Cw*0776+Cw*160101,,,,,,
Cw*07G2+Cw*160202,Cw*070211+Cw*160201,,,,,,
Cw*07G2+Cw*1607,Cw*072702+Cw*1606,,,,,,
Cw*07G2+Cw*170102,Cw*070212+Cw*17G1,,,,,,
Cw*070209+Cw*120401,Cw*0776+Cw*120308,,,,,,
Cw*070209+Cw*1412,Cw*0776+Cw*140203,,,,,,
Cw*070213+Cw*120402,Cw*0776+Cw*120305,,,,,,
Cw*070401/0711+Cw*072702,Cw*070403+Cw*072701,,,,,,
Cw*070401/0711+Cw*080102,Cw*070403+Cw*08G1,,,,,,
Cw*070401/0711+Cw*080201,Cw*0712+Cw*0807,,,,,,
Cw*070401/0711+Cw*0815,Cw*0745+Cw*080201,,,,,,
Cw*070401/0711+Cw*120201/120202,Cw*070403+Cw*120203,,,,,,
Cw*0707+Cw*075601,Cw*0709+Cw*0779,Cw*0760+Cw*0776,,,,,
Cw*0707+Cw*08G1,Cw*0716+Cw*0810,,,,,,
Cw*0707+Cw*12G1,Cw*0716+Cw*120402,,,,,,
Cw*0707+Cw*140201,Cw*0716+Cw*1412,,,,,,
Cw*0707+Cw*1507,Cw*0716+Cw*150201/1513,,,,,,
Cw*0707+Cw*160101,Cw*0716+Cw*160201,,,,,,
Cw*0708+Cw*1405,Cw*072701+Cw*140201,,,,,,
Cw*0709+Cw*0739,Cw*0740+Cw*0776,,,,,,
Cw*0709+Cw*1206,Cw*0782+Cw*120402,,,,,,
Cw*0709+Cw*1211,Cw*0719+Cw*120402,,,,,,
Cw*0709+Cw*1613,Cw*0724+Cw*160201,,,,,,
Cw*0710+Cw*12G1,Cw*0743+Cw*1211,,,,,,
Cw*0713+Cw*1506,Cw*0729+Cw*1505G1,,,,,,
Cw*0713+Cw*1519,Cw*0788+Cw*1505G1,,,,,,
Cw*0716+Cw*0739,Cw*0740+Cw*0751,,,,,,
Cw*0716+Cw*0779,Cw*0751+Cw*0760,,,,,,
Cw*0716+Cw*1410,Cw*0760+Cw*1403,,,,,,
Cw*0716+Cw*1512,Cw*0760+Cw*150201/1513,,,,,,
Cw*0719+Cw*1206,Cw*0782+Cw*1211,,,,,,
Cw*0720+Cw*1505G1,Cw*0796+Cw*1523,,,,,,
Cw*0722+Cw*160101,Cw*0753+Cw*160401,,,,,,
Cw*0726+Cw*080301,Cw*0792+Cw*0814,,,,,,
Cw*072701+Cw*080102,Cw*072702+Cw*08G1,,,,,,
Cw*072701+Cw*0812,Cw*0731+Cw*080201,,,,,,
Cw*072701+Cw*120201/120202,Cw*072702+Cw*120203,,,,,,
Cw*072701+Cw*1505G1,Cw*0743+Cw*1522,,,,,,
Cw*072702+Cw*1405,Cw*0731+Cw*1409,,,,,,
Cw*072702+Cw*160101,Cw*0731+Cw*1607,,,,,,
Cw*0729+Cw*1519,Cw*0788+Cw*1506,,,,,,
Cw*0737+Cw*0813,Cw*0739+Cw*0825,,,,,,
Cw*0737+Cw*1512,Cw*075601+Cw*1508,,,,,,
Cw*0739+Cw*0760,Cw*0740+Cw*0779,,,,,,
Cw*0739+Cw*1404,Cw*0749+Cw*140201,,,,,,
Cw*0751+Cw*1410,Cw*0779+Cw*1403,,,,,,
Cw*0751+Cw*1512,Cw*0779+Cw*150201/1513,,,,,,
Cw*075601+Cw*080201,Cw*0779+Cw*0828,,,,,,
Cw*075601+Cw*12G1,Cw*0779+Cw*1228,,,,,,
Cw*075601+Cw*140201,Cw*0779+Cw*1413,,,,,,
Cw*08G1+Cw*0805,Cw*080201+Cw*0821,,,,,,
Cw*08G1+Cw*0813,Cw*0804+Cw*0816,,,,,,
Cw*08G1+Cw*0825,Cw*0805+Cw*0816,,,,,,
Cw*08G1+Cw*120201/120202,Cw*080102+Cw*120203,,,,,,
Cw*08G1+Cw*120402,Cw*0810+Cw*12G1,Cw*0821+Cw*1205,,,,,
Cw*08G1+Cw*1412,Cw*0810+Cw*140201,,,,,,
Cw*08G1+Cw*150201/1513,Cw*0810+Cw*1507,,,,,,
Cw*08G1+Cw*1503,Cw*0821+Cw*150201/1513,,,,,,
Cw*08G1+Cw*1516,Cw*0821+Cw*1517,,,,,,
Cw*08G1+Cw*160201,Cw*0810+Cw*160101,,,,,,
Cw*08G1+Cw*1615,Cw*0821+Cw*160101,,,,,,
Cw*08G1+Cw*17G1,Cw*0816+Cw*1705,,,,,,
Cw*080201+Cw*12G1,Cw*080202+Cw*120308,Cw*0829+Cw*1224,,,,,
Cw*080201+Cw*1210,Cw*0819+Cw*120203,,,,,,
Cw*080201+Cw*1220,Cw*0804+Cw*1224,,,,,,
Cw*080201+Cw*1228,Cw*0828+Cw*12G1,,,,,,
Cw*080201+Cw*1406,Cw*0804+Cw*140201,,,,,,
Cw*080201+Cw*1413,Cw*0828+Cw*140201,,,,,,
Cw*080201+Cw*1503,Cw*0805+Cw*150201/1513,,,,,,
Cw*080201+Cw*1516,Cw*0805+Cw*1517,,,,,,
Cw*080201+Cw*1615,Cw*0805+Cw*160101,,,,,,
Cw*080201+Cw*1803,Cw*0831+Cw*1801/1802,,,,,,
Cw*0804+Cw*0825,Cw*0805+Cw*0813,,,,,,
Cw*0804+Cw*120201/120202,Cw*0829+Cw*1218,,,,,,
Cw*0804+Cw*12G1,Cw*0829+Cw*1220,,,,,,
Cw*0804+Cw*1413,Cw*0828+Cw*1406,,,,,,
Cw*0804+Cw*17G1,Cw*0813+Cw*1705,,,,,,
Cw*0805+Cw*17G1,Cw*0825+Cw*1705,,,,,,
Cw*0810+Cw*1615,Cw*0821+Cw*160201,,,,,,
Cw*120201/120202+Cw*1220,Cw*12G1+Cw*1218,,,,,,
Cw*120201/120202+Cw*150201/1513,Cw*1208+Cw*1517,,,,,,
Cw*120201/120202+Cw*1503,Cw*1208+Cw*1516,,,,,,
Cw*120201/120202+Cw*1509,Cw*1208+Cw*1520,,,,,,
Cw*12G1+Cw*140201,Cw*120304+Cw*140203,,,,,,
Cw*12G1+Cw*1412,Cw*120402+Cw*140201,,,,,,
Cw*12G1+Cw*1413,Cw*1228+Cw*140201,,,,,,
Cw*12G1+Cw*150201/1513,Cw*120402+Cw*1507,Cw*1215+Cw*1504,,,,,
Cw*12G1+Cw*160102,Cw*120304+Cw*160101,,,,,,
Cw*12G1+Cw*160201,Cw*120402+Cw*160101,Cw*1205+Cw*1615,,,,,
Cw*120304+Cw*160201,Cw*120402+Cw*160102,,,,,,
Cw*120308+Cw*1412,Cw*120401+Cw*140203,,,,,,
Cw*120402+Cw*1413,Cw*1228+Cw*1412,,,,,,
Cw*120402+Cw*150201/1513,Cw*1205+Cw*1503,,,,,,
Cw*120402+Cw*1517,Cw*1205+Cw*1516,,,,,,
Cw*1220+Cw*140201,Cw*1224+Cw*1406,,,,,,
Cw*1220+Cw*1508,Cw*1224+Cw*150201/1513,,,,,,
Cw*140201+Cw*150201/1513,Cw*1406+Cw*1508,Cw*1412+Cw*1507,,,,,
Cw*140201+Cw*1503,Cw*1404+Cw*1521,,,,,,
Cw*140201+Cw*160101,Cw*140203+Cw*160102,,,,,,
Cw*140201+Cw*160201,Cw*1412+Cw*160101,,,,,,
Cw*140203+Cw*150201/1513,Cw*1403+Cw*151002,,,,,,
Cw*140203+Cw*1512,Cw*1410+Cw*151002,,,,,,
Cw*1403+Cw*1512,Cw*1410+Cw*150201/1513,,,,,,
Cw*1405+Cw*1607,Cw*1409+Cw*160101,,,,,,
Cw*150201/1513+Cw*1516,Cw*1503+Cw*1517,,,,,,
Cw*150201/1513+Cw*1520,Cw*1509+Cw*1517,,,,,,
Cw*150201/1513+Cw*160101,Cw*1507+Cw*160201,,,,,,
Cw*150201/1513+Cw*1615,Cw*1503+Cw*160101,,,,,,
Cw*1503+Cw*1520,Cw*1509+Cw*1516,,,,,,
Cw*1516+Cw*160101,Cw*1517+Cw*1615,,,,,,
Cw*160101+Cw*170103,Cw*160103+Cw*17G1,,,,,,
" "," "," "," "," "," "," ",
