"HLA-DPB1 Ambiguities, Release 2.28.0",,,,,,
,,,,,,
"Sequences identical over exon 2",,,,,,
,,,,,,
"Allele 1","Allele 2","Allele 3","Code in table",,,
" "," "," "," ",,,
DPB1*030101,DPB1*0502,DPB1*2702,DPB1*030101/0502/2702,,,
DPB1*0402,DPB1*0602," ",DPB1*0402/0602,,,
DPB1*050101,DPB1*050102," ",DPB1*0501,,,
DPB1*0802,DPB1*1901," ",DPB1*0802/1901,,,
DPB1*0902,DPB1*1301," ",DPB1*0902/1301,,,
" "," "," "," ",,,
" ",,,,,,
"Alleles extended due to unsequenced regions",,,,,,
" ",,,,,,
"The following alleles do not contain the complete exon 2 sequence. For these alleles, the sequence of an alternate allele has been used to extend the sequence to cover this region.",,,,,,
" ",,,,,,
"Incomplete allele","Sequence extended with",,,,,
" "," ",,,,,
DPB1*020104,DPB1*020102,,,,,
DPB1*0302,DPB1*010101,,,,,
DPB1*0801,DPB1*010101,,,,,
DPB1*110102,DPB1*110101,,,,,
DPB1*200102,DPB1*200101,,,,,
DPB1*260101,DPB1*260102,,,,,
DPB1*3301,DPB1*010101,,,,,
DPB1*3401,DPB1*010101,,,,,
DPB1*3501,DPB1*010101,,,,,
DPB1*3701,DPB1*010101,,,,,
DPB1*3801,DPB1*010101,,,,,
DPB1*3901,DPB1*010101,,,,,
DPB1*4001,DPB1*010101,,,,,
DPB1*410101,DPB1*410102,,,,,
DPB1*4801,DPB1*010101,,,,,
DPB1*4901,DPB1*010101,,,,,
DPB1*5001,DPB1*010101,,,,,
DPB1*5201,DPB1*010101,,,,,
DPB1*5301,DPB1*010101,,,,,
DPB1*5401,DPB1*010101,,,,,
DPB1*5601,DPB1*010101,,,,,
DPB1*5701,DPB1*010101,,,,,
DPB1*5801,DPB1*010101,,,,,
DPB1*5901,DPB1*010101,,,,,
DPB1*6001,DPB1*010101,,,,,
DPB1*6101N,DPB1*010101,,,,,
DPB1*6201,DPB1*010101,,,,,
DPB1*6301,DPB1*010101,,,,,
DPB1*6401N,DPB1*010101,,,,,
DPB1*6801,DPB1*010101,,,,,
DPB1*6901,DPB1*010101,,,,,
DPB1*7001,DPB1*010101,,,,,
DPB1*7101,DPB1*010101,,,,,
DPB1*7201,DPB1*010101,,,,,
DPB1*7301,DPB1*010101,,,,,
DPB1*7401,DPB1*010101,,,,,
DPB1*7501,DPB1*010101,,,,,
DPB1*7601,DPB1*010101,,,,,
DPB1*8401,DPB1*010101,,,,,
DPB1*8601,DPB1*010101,,,,,
" "," ",,,,,
" ",,,,,,
"Alleles removed from analysis due to insertions or deletions",,,,,,
" ",,,,,,
Allele,,,,,,
" ",,,,,,
None,,,,,,
" ",,,,,,
" ",,,,,,
"Ambiguous typing combinations over exon 2",,,,,,
" ",,,,,,
"Combination 1","Combination 2","Combination 3","Combination 4","Combination 5","Combination 6","Combination 7"
" "," "," "," "," "," "," "
DPB1*010101+DPB1*020102,DPB1*2502+DPB1*7101,,,,,
DPB1*010101+DPB1*030101/0502/2702,DPB1*260102+DPB1*5001,,,,,
DPB1*010101+DPB1*040101,DPB1*3901+DPB1*9001,,,,,
DPB1*010101+DPB1*0402/0602,DPB1*2301+DPB1*2502,DPB1*7501+DPB1*8901,,,,
DPB1*010101+DPB1*0601,DPB1*2901+DPB1*8901,,,,,
DPB1*010101+DPB1*1002,DPB1*3901+DPB1*5001,,,,,
DPB1*010101+DPB1*1302,DPB1*0902/1301+DPB1*9001,,,,,
DPB1*010101+DPB1*1402,DPB1*030101/0502/2702+DPB1*2102,,,,,
DPB1*010101+DPB1*1601,DPB1*0403+DPB1*2502,DPB1*0801+DPB1*8901,,,,
DPB1*010101+DPB1*1701,DPB1*0901+DPB1*8901,,,,,
DPB1*010101+DPB1*1902,DPB1*1502+DPB1*2502,,,,,
DPB1*010101+DPB1*200101,DPB1*030101/0502/2702+DPB1*8901,DPB1*2701+DPB1*5001,,,,
DPB1*010101+DPB1*2501,DPB1*2502+DPB1*5201,,,,,
DPB1*010101+DPB1*2701,DPB1*260102+DPB1*8901,,,,,
DPB1*010101+DPB1*3001,DPB1*5401+DPB1*8901,,,,,
DPB1*010101+DPB1*4501,DPB1*2502+DPB1*6701,,,,,
DPB1*010101+DPB1*4901,DPB1*2502+DPB1*3901,,,,,
DPB1*010101+DPB1*5101,DPB1*040101+DPB1*2502,DPB1*4901+DPB1*9001,,,,
DPB1*010101+DPB1*5301,DPB1*2502+DPB1*4001,,,,,
DPB1*010101+DPB1*5701,DPB1*5001+DPB1*6501,,,,,
DPB1*010101+DPB1*5901,DPB1*7301+DPB1*8901,,,,,
DPB1*010101+DPB1*7401,DPB1*1501+DPB1*260102,,,,,
DPB1*010101+DPB1*8101,DPB1*2502+DPB1*3301,,,,,
DPB1*010101+DPB1*8701,DPB1*5201+DPB1*8901,,,,,
DPB1*010101+DPB1*9101,DPB1*1401+DPB1*8901,,,,,
DPB1*010101+DPB1*9301,DPB1*3701+DPB1*8901,,,,,
DPB1*0102+DPB1*020102,DPB1*0202+DPB1*0402/0602,DPB1*1902+DPB1*4701,,,,
DPB1*0102+DPB1*030101/0502/2702,DPB1*1702+DPB1*8001,,,,,
DPB1*0102+DPB1*0302,DPB1*0501+DPB1*7201,,,,,
DPB1*0102+DPB1*040101,DPB1*1502+DPB1*2401,,,,,
DPB1*0102+DPB1*0403,DPB1*0501+DPB1*7101,DPB1*2201+DPB1*2301,DPB1*4701+DPB1*6301,,,
DPB1*0102+DPB1*0601,DPB1*0202+DPB1*200101,DPB1*1002+DPB1*2101,,,,
DPB1*0102+DPB1*0801,DPB1*0202+DPB1*6801,DPB1*2201+DPB1*7501,,,,
DPB1*0102+DPB1*1001,DPB1*1902+DPB1*5401,,,,,
DPB1*0102+DPB1*1601,DPB1*020102+DPB1*0501,DPB1*0402/0602+DPB1*2201,,,,
DPB1*0102+DPB1*1701,DPB1*0202+DPB1*9801,DPB1*0501+DPB1*8601,,,,
DPB1*0102+DPB1*200101,DPB1*1002+DPB1*3601,,,,,
DPB1*0102+DPB1*2101,DPB1*0202+DPB1*3601,,,,,
DPB1*0102+DPB1*2201,DPB1*0202+DPB1*0501,,,,,
DPB1*0102+DPB1*2501,DPB1*0402/0602+DPB1*1702,DPB1*3601+DPB1*7301,,,,
DPB1*0102+DPB1*2701,DPB1*3601+DPB1*3901,,,,,
DPB1*0102+DPB1*2901,DPB1*0202+DPB1*030101/0502/2702,DPB1*1702+DPB1*4601,,,,
DPB1*0102+DPB1*3301,DPB1*0202+DPB1*040101,,,,,
DPB1*0102+DPB1*3701,DPB1*0202+DPB1*7901,DPB1*2101+DPB1*7501,,,,
DPB1*0102+DPB1*410101,DPB1*0202+DPB1*8301,,,,,
DPB1*0102+DPB1*4601,DPB1*0202+DPB1*8001,,,,,
DPB1*0102+DPB1*4801,DPB1*0202+DPB1*1902,,,,,
DPB1*0102+DPB1*5101,DPB1*1902+DPB1*2401,,,,,
DPB1*0102+DPB1*5201,DPB1*1702+DPB1*2301,,,,,
DPB1*0102+DPB1*5501,DPB1*1502+DPB1*3001,,,,,
DPB1*0102+DPB1*5601,DPB1*040101+DPB1*1702,,,,,
DPB1*0102+DPB1*6301,DPB1*0501+DPB1*1502,,,,,
DPB1*0102+DPB1*6801,DPB1*0501+DPB1*7501,,,,,
DPB1*0102+DPB1*7101,DPB1*0202+DPB1*2301,DPB1*1502+DPB1*4701,,,,
DPB1*0102+DPB1*7901,DPB1*3601+DPB1*7501,,,,,
DPB1*0102+DPB1*8101,DPB1*0202+DPB1*5101,DPB1*2401+DPB1*4801,,,,
DPB1*0102+DPB1*9301,DPB1*020102+DPB1*3601,DPB1*0402/0602+DPB1*2101,DPB1*0501+DPB1*1102,,,
DPB1*020102+DPB1*0202,DPB1*4701+DPB1*4801,,,,,
DPB1*020102+DPB1*030101/0502/2702,DPB1*0402/0602+DPB1*2901,DPB1*0601+DPB1*7501,DPB1*1002+DPB1*3701,DPB1*1102+DPB1*5701,DPB1*2501+DPB1*4601,DPB1*5901+DPB1*8801
DPB1*020102+DPB1*0302,DPB1*1601+DPB1*7201,,,,,
DPB1*020102+DPB1*040101,DPB1*0402/0602+DPB1*3301,DPB1*2301+DPB1*8101,DPB1*5101+DPB1*7101,,,
DPB1*020102+DPB1*0403,DPB1*1601+DPB1*7101,,,,,
DPB1*020102+DPB1*0901,DPB1*0801+DPB1*8601,DPB1*1001+DPB1*4601,,,,
DPB1*020102+DPB1*1001,DPB1*0801+DPB1*1602,,,,,
DPB1*020102+DPB1*1002,DPB1*4601+DPB1*5901,,,,,
DPB1*020102+DPB1*1401,DPB1*0901+DPB1*5901,DPB1*1001+DPB1*1002,DPB1*1602+DPB1*5701,DPB1*1701+DPB1*7301,DPB1*4501+DPB1*4601,
DPB1*020102+DPB1*1502,DPB1*1902+DPB1*7101,DPB1*2301+DPB1*4801,,,,
DPB1*020102+DPB1*1701,DPB1*1601+DPB1*8601,,,,,
DPB1*020102+DPB1*1702,DPB1*0202+DPB1*2501,DPB1*2101+DPB1*7301,,,,
DPB1*020102+DPB1*1902,DPB1*0402/0602+DPB1*4801,,,,,
DPB1*020102+DPB1*200101,DPB1*0402/0602+DPB1*0601,DPB1*1002+DPB1*9301,,,,
DPB1*020102+DPB1*2101,DPB1*0202+DPB1*9301,DPB1*1102+DPB1*2201,,,,
DPB1*020102+DPB1*2201,DPB1*0202+DPB1*1601,,,,,
DPB1*020102+DPB1*2301,DPB1*0402/0602+DPB1*7101,,,,,
DPB1*020102+DPB1*2401,DPB1*4701+DPB1*5101,,,,,
DPB1*020102+DPB1*2501,DPB1*3701+DPB1*5901,DPB1*7301+DPB1*9301,,,,
DPB1*020102+DPB1*260102,DPB1*1102+DPB1*6501,DPB1*2002+DPB1*6801,DPB1*3701+DPB1*3901,,,
DPB1*020102+DPB1*2701,DPB1*3901+DPB1*9301,,,,,
DPB1*020102+DPB1*2802,DPB1*040101+DPB1*1001,DPB1*0801+DPB1*6601,,,,
DPB1*020102+DPB1*3301,DPB1*7101+DPB1*8101,,,,,
DPB1*020102+DPB1*350101,DPB1*0402/0602+DPB1*0901,DPB1*0901+DPB1*8201,DPB1*1001+DPB1*8001,DPB1*1701+DPB1*7501,DPB1*6801+DPB1*8601,
DPB1*020102+DPB1*3701,DPB1*0801+DPB1*1102,,,,,
DPB1*020102+DPB1*3901,DPB1*4901+DPB1*7101,,,,,
DPB1*020102+DPB1*4001,DPB1*5301+DPB1*7101,,,,,
DPB1*020102+DPB1*4401,DPB1*2901+DPB1*4801,,,,,
DPB1*020102+DPB1*4501,DPB1*1001+DPB1*5901,,,,,
DPB1*020102+DPB1*5101,DPB1*0402/0602+DPB1*8101,,,,,
DPB1*020102+DPB1*5201,DPB1*2501+DPB1*7101,,,,,
DPB1*020102+DPB1*5401,DPB1*1001+DPB1*4701,,,,,
DPB1*020102+DPB1*5501,DPB1*0403+DPB1*1602,,,,,
DPB1*020102+DPB1*5601,DPB1*2501+DPB1*3301,DPB1*3701+DPB1*7201,DPB1*5201+DPB1*8101,,,
DPB1*020102+DPB1*5701,DPB1*0801+DPB1*1002,,,,,
DPB1*020102+DPB1*5801,DPB1*4801+DPB1*5501,,,,,
DPB1*020102+DPB1*6301,DPB1*0403+DPB1*1902,DPB1*1502+DPB1*1601,,,,
DPB1*020102+DPB1*6501,DPB1*0801+DPB1*3901,,,,,
DPB1*020102+DPB1*6601,DPB1*040101+DPB1*1602,,,,,
DPB1*020102+DPB1*6701,DPB1*4501+DPB1*7101,DPB1*5501+DPB1*7301,,,,
DPB1*020102+DPB1*6801,DPB1*0402/0602+DPB1*0801,DPB1*1601+DPB1*7501,,,,
DPB1*020102+DPB1*7201,DPB1*3301+DPB1*5901,,,,,
DPB1*020102+DPB1*7601,DPB1*1401+DPB1*8101,,,,,
DPB1*020102+DPB1*7901,DPB1*0402/0602+DPB1*3701,DPB1*1102+DPB1*6801,DPB1*7501+DPB1*9301,,,
DPB1*020102+DPB1*8001,DPB1*0402/0602+DPB1*4601,,,,,
DPB1*020102+DPB1*8301,DPB1*0402/0602+DPB1*410101,,,,,
DPB1*020102+DPB1*8601,DPB1*1602+DPB1*4601,,,,,
DPB1*020102+DPB1*8801,DPB1*3701+DPB1*4601,,,,,
DPB1*020102+DPB1*9101,DPB1*1701+DPB1*5901,,,,,
DPB1*020102+DPB1*9201,DPB1*030101/0502/2702+DPB1*8101,DPB1*2901+DPB1*5101,,,,
DPB1*020102+DPB1*9301,DPB1*1102+DPB1*1601,,,,,
DPB1*020102+DPB1*9801,DPB1*0402/0602+DPB1*1701,,,,,
DPB1*0202+DPB1*0302,DPB1*2201+DPB1*7201,,,,,
DPB1*0202+DPB1*0403,DPB1*2201+DPB1*7101,,,,,
DPB1*0202+DPB1*1001,DPB1*4801+DPB1*5401,,,,,
DPB1*0202+DPB1*1701,DPB1*2201+DPB1*8601,,,,,
DPB1*0202+DPB1*2701,DPB1*0501+DPB1*2002,DPB1*2101+DPB1*3901,,,,
DPB1*0202+DPB1*2901,DPB1*4401+DPB1*4701,,,,,
DPB1*0102+DPB1*0901,DPB1*0202+DPB1*350101,,,,,
DPB1*0202+DPB1*5201,DPB1*1702+DPB1*7101,,,,,
DPB1*0202+DPB1*5501,DPB1*4701+DPB1*5801,,,,,
DPB1*0202+DPB1*5601,DPB1*1702+DPB1*3301,,,,,
DPB1*0202+DPB1*6301,DPB1*1502+DPB1*2201,,,,,
DPB1*0202+DPB1*7201,DPB1*2401+DPB1*9501,,,,,
DPB1*0202+DPB1*9201,DPB1*2401+DPB1*4401,,,,,
DPB1*030101/0502/2702+DPB1*040101,DPB1*2301+DPB1*9201,DPB1*5601+DPB1*8001,,,,
DPB1*030101/0502/2702+DPB1*0402/0602,DPB1*1002+DPB1*7901,DPB1*200101+DPB1*7501,DPB1*2501+DPB1*8001,,,
DPB1*030101/0502/2702+DPB1*0501,DPB1*3601+DPB1*5701,,,,,
DPB1*030101/0502/2702+DPB1*0601,DPB1*200101+DPB1*2901,,,,,
DPB1*030101/0502/2702+DPB1*0801,DPB1*2901+DPB1*6801,DPB1*3701+DPB1*5701,,,,
DPB1*030101/0502/2702+DPB1*0901,DPB1*1401+DPB1*8801,,,,,
DPB1*030101/0502/2702+DPB1*1001,DPB1*0901+DPB1*2501,DPB1*1401+DPB1*3701,DPB1*4501+DPB1*8801,,,
DPB1*030101/0502/2702+DPB1*1501,DPB1*5001+DPB1*7401,,,,,
DPB1*030101/0502/2702+DPB1*1601,DPB1*0601+DPB1*6801,DPB1*0801+DPB1*200101,DPB1*5701+DPB1*9301,,,
DPB1*030101/0502/2702+DPB1*1602,DPB1*1102+DPB1*1401,DPB1*2501+DPB1*8601,,,,
DPB1*030101/0502/2702+DPB1*1701,DPB1*0901+DPB1*200101,DPB1*2901+DPB1*9801,DPB1*8801+DPB1*9101,,,
DPB1*030101/0502/2702+DPB1*2101,DPB1*2901+DPB1*3601,,,,,
DPB1*030101/0502/2702+DPB1*2201,DPB1*0501+DPB1*2901,DPB1*2101+DPB1*5701,,,,
DPB1*030101/0502/2702+DPB1*2301,DPB1*5201+DPB1*8001,,,,,
DPB1*030101/0502/2702+DPB1*2701,DPB1*200101+DPB1*260102,,,,,
DPB1*030101/0502/2702+DPB1*3001,DPB1*200101+DPB1*5401,,,,,
DPB1*030101/0502/2702+DPB1*3301,DPB1*040101+DPB1*2901,DPB1*4601+DPB1*5601,DPB1*7101+DPB1*9201,DPB1*7201+DPB1*8801,,
DPB1*030101/0502/2702+DPB1*3701,DPB1*2501+DPB1*8801,DPB1*2901+DPB1*7901,,,,
DPB1*030101/0502/2702+DPB1*3901,DPB1*1002+DPB1*260102,,,,,
DPB1*030101/0502/2702+DPB1*410101,DPB1*2901+DPB1*8301,,,,,
DPB1*030101/0502/2702+DPB1*4501,DPB1*1401+DPB1*2501,,,,,
DPB1*030101/0502/2702+DPB1*4601,DPB1*1002+DPB1*8801,DPB1*2901+DPB1*8001,,,,
DPB1*030101/0502/2702+DPB1*4801,DPB1*0402/0602+DPB1*4401,DPB1*1902+DPB1*2901,,,,
DPB1*030101/0502/2702+DPB1*5101,DPB1*0402/0602+DPB1*9201,,,,,
DPB1*030101/0502/2702+DPB1*5501,DPB1*0901+DPB1*8701,DPB1*1701+DPB1*5201,,,,
DPB1*030101/0502/2702+DPB1*5601,DPB1*5201+DPB1*9201,,,,,
DPB1*030101/0502/2702+DPB1*5901,DPB1*1002+DPB1*2501,DPB1*200101+DPB1*7301,,,,
DPB1*030101/0502/2702+DPB1*6501,DPB1*260102+DPB1*5701,,,,,
DPB1*030101/0502/2702+DPB1*6701,DPB1*1401+DPB1*5201,,,,,
DPB1*030101/0502/2702+DPB1*6801,DPB1*5701+DPB1*7901,,,,,
DPB1*030101/0502/2702+DPB1*7101,DPB1*2301+DPB1*2901,DPB1*4601+DPB1*5201,,,,
DPB1*030101/0502/2702+DPB1*7201,DPB1*1002+DPB1*5601,,,,,
DPB1*030101/0502/2702+DPB1*7601,DPB1*1401+DPB1*9201,,,,,
DPB1*030101/0502/2702+DPB1*8701,DPB1*200101+DPB1*5201,,,,,
DPB1*030101/0502/2702+DPB1*9101,DPB1*1401+DPB1*200101,,,,,
DPB1*030101/0502/2702+DPB1*9301,DPB1*0601+DPB1*7901,DPB1*200101+DPB1*3701,,,,
DPB1*0302+DPB1*0901,DPB1*0403+DPB1*7601,,,,,
DPB1*0302+DPB1*1102,DPB1*7201+DPB1*9301,DPB1*8101+DPB1*8701,,,,
DPB1*0302+DPB1*1502,DPB1*6301+DPB1*7201,,,,,
DPB1*0302+DPB1*3701,DPB1*1601+DPB1*5601,,,,,
DPB1*0302+DPB1*7101,DPB1*0403+DPB1*7201,,,,,
DPB1*0302+DPB1*7501,DPB1*6801+DPB1*7201,,,,,
DPB1*0302+DPB1*8601,DPB1*1701+DPB1*7201,DPB1*3301+DPB1*9101,,,,
DPB1*0302+DPB1*8801,DPB1*0403+DPB1*9201,,,,,
DPB1*040101+DPB1*0402/0602,DPB1*2301+DPB1*5101,,,,,
DPB1*040101+DPB1*0501,DPB1*2401+DPB1*6301,,,,,
DPB1*040101+DPB1*0601,DPB1*200101+DPB1*3301,,,,,
DPB1*040101+DPB1*0801,DPB1*3301+DPB1*6801,,,,,
DPB1*040101+DPB1*0901,DPB1*2802+DPB1*4601,,,,,
DPB1*040101+DPB1*0902/1301,DPB1*1302+DPB1*3901,,,,,
DPB1*040101+DPB1*1002,DPB1*7201+DPB1*8001,,,,,
DPB1*040101+DPB1*1401,DPB1*1002+DPB1*2802,DPB1*2301+DPB1*7601,DPB1*5701+DPB1*6601,,,
DPB1*040101+DPB1*1601,DPB1*0403+DPB1*5101,,,,,
DPB1*040101+DPB1*1701,DPB1*3301+DPB1*9801,,,,,
DPB1*040101+DPB1*1902,DPB1*1502+DPB1*5101,,,,,
DPB1*040101+DPB1*2101,DPB1*3301+DPB1*3601,,,,,
DPB1*040101+DPB1*2201,DPB1*0501+DPB1*3301,,,,,
DPB1*040101+DPB1*2501,DPB1*0402/0602+DPB1*5601,DPB1*5101+DPB1*5201,DPB1*7201+DPB1*7901,,,
DPB1*040101+DPB1*3001,DPB1*2401+DPB1*5501,,,,,
DPB1*040101+DPB1*350101,DPB1*2802+DPB1*8001,,,,,
DPB1*040101+DPB1*3701,DPB1*3301+DPB1*7901,,,,,
DPB1*040101+DPB1*410101,DPB1*3301+DPB1*8301,,,,,
DPB1*040101+DPB1*4501,DPB1*2802+DPB1*5901,DPB1*5101+DPB1*6701,,,,
DPB1*040101+DPB1*4601,DPB1*3301+DPB1*8001,,,,,
DPB1*040101+DPB1*4701,DPB1*2401+DPB1*7101,,,,,
DPB1*040101+DPB1*4801,DPB1*1502+DPB1*8101,DPB1*1902+DPB1*3301,,,,
DPB1*040101+DPB1*4901,DPB1*3901+DPB1*5101,,,,,
DPB1*040101+DPB1*5001,DPB1*1002+DPB1*9001,,,,,
DPB1*040101+DPB1*5201,DPB1*2301+DPB1*5601,,,,,
DPB1*040101+DPB1*5301,DPB1*4001+DPB1*5101,,,,,
DPB1*040101+DPB1*5401,DPB1*2802+DPB1*4701,,,,,
DPB1*040101+DPB1*5501,DPB1*0403+DPB1*6601,,,,,
DPB1*040101+DPB1*5901,DPB1*0402/0602+DPB1*7201,,,,,
DPB1*040101+DPB1*7101,DPB1*2301+DPB1*3301,,,,,
DPB1*040101+DPB1*7301,DPB1*7201+DPB1*7501,,,,,
DPB1*040101+DPB1*8101,DPB1*3301+DPB1*5101,,,,,
DPB1*040101+DPB1*8601,DPB1*4601+DPB1*6601,,,,,
DPB1*040101+DPB1*9101,DPB1*7201+DPB1*9801,,,,,
DPB1*0402/0602+DPB1*0403,DPB1*1601+DPB1*2301,,,,,
DPB1*0402/0602+DPB1*0901,DPB1*1001+DPB1*8001,DPB1*1701+DPB1*7501,DPB1*6801+DPB1*8601,,,
DPB1*0402/0602+DPB1*1001,DPB1*1602+DPB1*6801,,,,,
DPB1*0402/0602+DPB1*1002,DPB1*5901+DPB1*8001,,,,,
DPB1*0402/0602+DPB1*1401,DPB1*4501+DPB1*8001,DPB1*7301+DPB1*9801,DPB1*7501+DPB1*9101,,,
DPB1*0402/0602+DPB1*1502,DPB1*1902+DPB1*2301,,,,,
DPB1*0402/0602+DPB1*2002,DPB1*1102+DPB1*3901,,,,,
DPB1*0402/0602+DPB1*2501,DPB1*5901+DPB1*7901,,,,,
DPB1*0402/0602+DPB1*260102,DPB1*2701+DPB1*7501,DPB1*3901+DPB1*7901,,,,
DPB1*0402/0602+DPB1*2802,DPB1*6601+DPB1*6801,,,,,
DPB1*0402/0602+DPB1*350101,DPB1*350101+DPB1*8201,DPB1*7501+DPB1*9801,,,,
DPB1*0402/0602+DPB1*3901,DPB1*2301+DPB1*4901,,,,,
DPB1*0402/0602+DPB1*4001,DPB1*2301+DPB1*5301,,,,,
DPB1*0402/0602+DPB1*5201,DPB1*2301+DPB1*2501,DPB1*7501+DPB1*8701,,,,
DPB1*0402/0602+DPB1*5401,DPB1*3001+DPB1*7501,,,,,
DPB1*0402/0602+DPB1*5701,DPB1*1002+DPB1*6801,,,,,
DPB1*0402/0602+DPB1*5801,DPB1*1602+DPB1*6301,DPB1*1902+DPB1*5501,,,,
DPB1*0402/0602+DPB1*6501,DPB1*3901+DPB1*6801,,,,,
DPB1*0402/0602+DPB1*6701,DPB1*2301+DPB1*4501,,,,,
DPB1*0402/0602+DPB1*7301,DPB1*5901+DPB1*7501,,,,,
DPB1*0402/0602+DPB1*7601,DPB1*1401+DPB1*5101,,,,,
DPB1*0402/0602+DPB1*8501,DPB1*2701+DPB1*8201,,,,,
DPB1*0402/0602+DPB1*8601,DPB1*1602+DPB1*8001,,,,,
DPB1*0402/0602+DPB1*8801,DPB1*3701+DPB1*8001,DPB1*4601+DPB1*7901,,,,
DPB1*0402/0602+DPB1*9101,DPB1*5901+DPB1*9801,,,,,
DPB1*0403+DPB1*1001,DPB1*0801+DPB1*5501,,,,,
DPB1*0403+DPB1*1102,DPB1*7101+DPB1*9301,,,,,
DPB1*0403+DPB1*1401,DPB1*5501+DPB1*5701,,,,,
DPB1*0403+DPB1*1502,DPB1*6301+DPB1*7101,,,,,
DPB1*0403+DPB1*1702,DPB1*2201+DPB1*5201,,,,,
DPB1*0403+DPB1*2501,DPB1*0801+DPB1*8701,DPB1*1601+DPB1*5201,,,,
DPB1*0403+DPB1*4501,DPB1*1601+DPB1*6701,,,,,
DPB1*0403+DPB1*4901,DPB1*1601+DPB1*3901,,,,,
DPB1*0403+DPB1*5301,DPB1*1601+DPB1*4001,,,,,
DPB1*0403+DPB1*7501,DPB1*0801+DPB1*2301,DPB1*6801+DPB1*7101,,,,
DPB1*0403+DPB1*8101,DPB1*1601+DPB1*3301,,,,,
DPB1*0403+DPB1*8601,DPB1*1701+DPB1*7101,DPB1*4601+DPB1*5501,,,,
DPB1*0501+DPB1*0601,DPB1*200101+DPB1*2201,,,,,
DPB1*0501+DPB1*0801,DPB1*2201+DPB1*6801,,,,,
DPB1*0501+DPB1*1602,DPB1*1902+DPB1*3001,,,,,
DPB1*0501+DPB1*1701,DPB1*2201+DPB1*9801,,,,,
DPB1*0501+DPB1*2101,DPB1*2201+DPB1*3601,,,,,
DPB1*0501+DPB1*260102,DPB1*3601+DPB1*6501,,,,,
DPB1*0501+DPB1*3701,DPB1*0801+DPB1*3601,DPB1*2101+DPB1*6801,DPB1*2201+DPB1*7901,,,
DPB1*0501+DPB1*410101,DPB1*2201+DPB1*8301,,,,,
DPB1*0501+DPB1*4601,DPB1*2201+DPB1*8001,,,,,
DPB1*0501+DPB1*4801,DPB1*1902+DPB1*2201,,,,,
DPB1*0501+DPB1*5501,DPB1*3001+DPB1*6301,,,,,
DPB1*0501+DPB1*7901,DPB1*3601+DPB1*6801,,,,,
DPB1*0501+DPB1*8101,DPB1*2201+DPB1*5101,,,,,
DPB1*0501+DPB1*9301,DPB1*1601+DPB1*3601,,,,,
DPB1*0601+DPB1*0801,DPB1*1601+DPB1*2901,,,,,
DPB1*0601+DPB1*0901,DPB1*1701+DPB1*2901,,,,,
DPB1*0601+DPB1*1401,DPB1*2901+DPB1*9101,,,,,
DPB1*0601+DPB1*1902,DPB1*200101+DPB1*4801,,,,,
DPB1*0601+DPB1*2301,DPB1*200101+DPB1*7101,DPB1*4601+DPB1*8701,,,,
DPB1*0601+DPB1*260102,DPB1*2701+DPB1*2901,,,,,
DPB1*0601+DPB1*2802,DPB1*1701+DPB1*5601,DPB1*5501+DPB1*9201,,,,
DPB1*030101/0502/2702+DPB1*1701,DPB1*0601+DPB1*350101,DPB1*0901+DPB1*200101,DPB1*0901+DPB1*200102,DPB1*2901+DPB1*9801,DPB1*8801+DPB1*9101,
DPB1*0601+DPB1*3601,DPB1*200101+DPB1*2101,,,,,
DPB1*0601+DPB1*3701,DPB1*2901+DPB1*9301,,,,,
DPB1*0601+DPB1*5101,DPB1*200101+DPB1*8101,,,,,
DPB1*0601+DPB1*5201,DPB1*2901+DPB1*8701,,,,,
DPB1*0601+DPB1*5401,DPB1*2901+DPB1*3001,,,,,
DPB1*0601+DPB1*7301,DPB1*2901+DPB1*5901,,,,,
DPB1*0601+DPB1*8001,DPB1*200101+DPB1*4601,,,,,
DPB1*0601+DPB1*8301,DPB1*200101+DPB1*410101,,,,,
DPB1*0601+DPB1*9801,DPB1*1701+DPB1*200101,,,,,
DPB1*0801+DPB1*1401,DPB1*1001+DPB1*5701,,,,,
DPB1*0801+DPB1*1701,DPB1*0901+DPB1*1601,,,,,
DPB1*0801+DPB1*1902,DPB1*4801+DPB1*6801,,,,,
DPB1*0801+DPB1*2101,DPB1*2201+DPB1*3701,,,,,
DPB1*0801+DPB1*260102,DPB1*3701+DPB1*6501,,,,,
DPB1*0801+DPB1*2701,DPB1*1601+DPB1*260102,DPB1*6501+DPB1*9301,,,,
DPB1*0801+DPB1*3001,DPB1*1601+DPB1*5401,,,,,
DPB1*0801+DPB1*350101,DPB1*0901+DPB1*6801,,,,,
DPB1*0801+DPB1*5101,DPB1*6801+DPB1*8101,,,,,
DPB1*0801+DPB1*5901,DPB1*1601+DPB1*7301,,,,,
DPB1*0801+DPB1*7901,DPB1*3701+DPB1*6801,,,,,
DPB1*0801+DPB1*8001,DPB1*4601+DPB1*6801,,,,,
DPB1*0801+DPB1*8301,DPB1*410101+DPB1*6801,,,,,
DPB1*0801+DPB1*9101,DPB1*1401+DPB1*1601,,,,,
DPB1*0801+DPB1*9301,DPB1*1601+DPB1*3701,,,,,
DPB1*0801+DPB1*9801,DPB1*1701+DPB1*6801,,,,,
DPB1*0802/1901+DPB1*2002,DPB1*0902/1301+DPB1*4701,,,,,
DPB1*0901+DPB1*1002,DPB1*1401+DPB1*4601,DPB1*5701+DPB1*8601,,,,
DPB1*0901+DPB1*1102,DPB1*1602+DPB1*8801,DPB1*3701+DPB1*8601,,,,
DPB1*0901+DPB1*1602,DPB1*1001+DPB1*8601,,,,,
DPB1*0901+DPB1*2701,DPB1*1701+DPB1*260102,,,,,
DPB1*0901+DPB1*3001,DPB1*1701+DPB1*5401,,,,,
DPB1*0901+DPB1*3701,DPB1*1001+DPB1*8801,,,,,
DPB1*0901+DPB1*3901,DPB1*6501+DPB1*8601,,,,,
DPB1*0901+DPB1*4501,DPB1*1001+DPB1*1401,,,,,
DPB1*0901+DPB1*4701,DPB1*4601+DPB1*5401,,,,,
DPB1*0901+DPB1*5201,DPB1*6701+DPB1*8801,,,,,
DPB1*0901+DPB1*5601,DPB1*2802+DPB1*2901,,,,,
DPB1*0901+DPB1*6601,DPB1*2802+DPB1*8601,,,,,
DPB1*0901+DPB1*7201,DPB1*1401+DPB1*3301,DPB1*7101+DPB1*7601,,,,
DPB1*0901+DPB1*9101,DPB1*1401+DPB1*1701,,,,,
DPB1*0901+DPB1*9201,DPB1*7601+DPB1*8801,,,,,
DPB1*0901+DPB1*9301,DPB1*1701+DPB1*3701,,,,,
DPB1*0902/1301+DPB1*5101,DPB1*1302+DPB1*4901,,,,,
DPB1*1001+DPB1*1102,DPB1*1602+DPB1*3701,,,,,
DPB1*1001+DPB1*1502,DPB1*5801+DPB1*7501,,,,,
DPB1*1001+DPB1*200101,DPB1*1401+DPB1*9301,DPB1*1701+DPB1*2501,DPB1*3701+DPB1*9101,,,
DPB1*1001+DPB1*2301,DPB1*5501+DPB1*7501,,,,,
DPB1*1001+DPB1*2401,DPB1*5101+DPB1*5401,,,,,
DPB1*1001+DPB1*2501,DPB1*3701+DPB1*4501,,,,,
DPB1*1001+DPB1*3901,DPB1*1602+DPB1*6501,,,,,
DPB1*1001+DPB1*5201,DPB1*3701+DPB1*6701,,,,,
DPB1*1001+DPB1*6301,DPB1*5801+DPB1*6801,,,,,
DPB1*1001+DPB1*6601,DPB1*1602+DPB1*2802,,,,,
DPB1*1001+DPB1*7201,DPB1*3301+DPB1*4501,DPB1*6701+DPB1*8101,,,,
DPB1*1001+DPB1*8701,DPB1*2501+DPB1*5501,DPB1*6701+DPB1*9301,,,,
DPB1*1001+DPB1*8901,DPB1*2502+DPB1*5501,,,,,
DPB1*1001+DPB1*9101,DPB1*1701+DPB1*4501,,,,,
DPB1*1001+DPB1*9201,DPB1*3701+DPB1*7601,,,,,
DPB1*1002+DPB1*1602,DPB1*5901+DPB1*8601,,,,,
DPB1*1002+DPB1*1701,DPB1*4601+DPB1*9101,,,,,
DPB1*1002+DPB1*2502,DPB1*4901+DPB1*5001,,,,,
DPB1*1002+DPB1*2701,DPB1*200101+DPB1*3901,,,,,
DPB1*1002+DPB1*3001,DPB1*4701+DPB1*9101,,,,,
DPB1*1002+DPB1*3301,DPB1*4601+DPB1*7201,,,,,
DPB1*1002+DPB1*350101,DPB1*1401+DPB1*8001,,,,,
DPB1*1002+DPB1*4501,DPB1*1401+DPB1*5901,DPB1*7301+DPB1*9101,,,,
DPB1*1002+DPB1*5401,DPB1*1401+DPB1*4701,,,,,
DPB1*1002+DPB1*5501,DPB1*7101+DPB1*9101,,,,,
DPB1*1002+DPB1*5801,DPB1*9501+DPB1*9801,,,,,
DPB1*1002+DPB1*6501,DPB1*3901+DPB1*5701,,,,,
DPB1*1002+DPB1*7501,DPB1*7301+DPB1*8001,,,,,
DPB1*1002+DPB1*9801,DPB1*8001+DPB1*9101,,,,,
DPB1*110101+DPB1*6201,DPB1*6301+DPB1*7401,,,,,
DPB1*1102+DPB1*1701,DPB1*8601+DPB1*9301,,,,,
DPB1*1102+DPB1*260102,DPB1*2002+DPB1*7901,,,,,
DPB1*1102+DPB1*2802,DPB1*3701+DPB1*6601,,,,,
DPB1*1102+DPB1*350101,DPB1*7901+DPB1*8601,,,,,
DPB1*1102+DPB1*4501,DPB1*1602+DPB1*2501,,,,,
DPB1*1102+DPB1*6301,DPB1*1502+DPB1*9301,,,,,
DPB1*1102+DPB1*6701,DPB1*1602+DPB1*5201,,,,,
DPB1*1102+DPB1*7601,DPB1*1602+DPB1*9201,,,,,
DPB1*1102+DPB1*9101,DPB1*1602+DPB1*200101,,,,,
DPB1*1401+DPB1*1602,DPB1*4501+DPB1*8601,,,,,
DPB1*1401+DPB1*2101,DPB1*1701+DPB1*1702,,,,,
DPB1*1401+DPB1*2301,DPB1*6701+DPB1*8001,,,,,
DPB1*1401+DPB1*2701,DPB1*260102+DPB1*9101,,,,,
DPB1*1401+DPB1*3001,DPB1*5401+DPB1*9101,,,,,
DPB1*1401+DPB1*3601,DPB1*1702+DPB1*9801,,,,,
DPB1*1401+DPB1*5501,DPB1*1701+DPB1*6701,,,,,
DPB1*1401+DPB1*5601,DPB1*5201+DPB1*7601,DPB1*6701+DPB1*9201,,,,
DPB1*1401+DPB1*7101,DPB1*4601+DPB1*6701,,,,,
DPB1*1401+DPB1*8701,DPB1*200101+DPB1*6701,DPB1*5201+DPB1*9101,,,,
DPB1*1401+DPB1*9001,DPB1*2802+DPB1*5001,,,,,
DPB1*1402+DPB1*8901,DPB1*200101+DPB1*2102,,,,,
DPB1*1501+DPB1*2701,DPB1*7401+DPB1*8901,,,,,
DPB1*1502+DPB1*1701,DPB1*5801+DPB1*8001,DPB1*6301+DPB1*8601,,,,
DPB1*1502+DPB1*2501,DPB1*1902+DPB1*5201,,,,,
DPB1*1502+DPB1*2901,DPB1*2301+DPB1*4401,,,,,
DPB1*1502+DPB1*4001,DPB1*3901+DPB1*6201,,,,,
DPB1*1502+DPB1*4501,DPB1*1902+DPB1*6701,,,,,
DPB1*1502+DPB1*4901,DPB1*1902+DPB1*3901,,,,,
DPB1*1502+DPB1*5301,DPB1*1902+DPB1*4001,DPB1*4901+DPB1*6201,,,,
DPB1*1502+DPB1*5501,DPB1*2301+DPB1*5801,,,,,
DPB1*1502+DPB1*6801,DPB1*6301+DPB1*7501,,,,,
DPB1*1601+DPB1*1702,DPB1*2201+DPB1*2501,,,,,
DPB1*1601+DPB1*2101,DPB1*2201+DPB1*9301,,,,,
DPB1*0801+DPB1*9801,DPB1*1601+DPB1*350101,DPB1*1701+DPB1*6801,,,,
DPB1*1601+DPB1*6601,DPB1*5101+DPB1*5501,,,,,
DPB1*1601+DPB1*7901,DPB1*6801+DPB1*9301,,,,,
DPB1*1602+DPB1*2201,DPB1*3001+DPB1*4801,,,,,
DPB1*1701+DPB1*1902,DPB1*4801+DPB1*9801,,,,,
DPB1*1701+DPB1*2301,DPB1*5501+DPB1*8001,DPB1*7101+DPB1*9801,,,,
DPB1*0901+DPB1*9801,DPB1*1701+DPB1*350101,,,,,
DPB1*1701+DPB1*3601,DPB1*2101+DPB1*9801,,,,,
DPB1*1701+DPB1*4701,DPB1*3001+DPB1*4601,,,,,
DPB1*1701+DPB1*5101,DPB1*8101+DPB1*9801,,,,,
DPB1*1701+DPB1*7901,DPB1*3701+DPB1*9801,,,,,
DPB1*1701+DPB1*8001,DPB1*4601+DPB1*9801,,,,,
DPB1*1701+DPB1*8301,DPB1*410101+DPB1*9801,,,,,
DPB1*1701+DPB1*8701,DPB1*200101+DPB1*5501,,,,,
DPB1*1702+DPB1*5501,DPB1*2101+DPB1*6701,,,,,
DPB1*1702+DPB1*9301,DPB1*2101+DPB1*2501,,,,,
DPB1*1902+DPB1*2101,DPB1*3601+DPB1*4801,,,,,
DPB1*1902+DPB1*3701,DPB1*4801+DPB1*7901,,,,,
DPB1*1902+DPB1*410101,DPB1*4801+DPB1*8301,,,,,
DPB1*1902+DPB1*4601,DPB1*4801+DPB1*8001,,,,,
DPB1*1902+DPB1*8101,DPB1*4801+DPB1*5101,,,,,
DPB1*200101+DPB1*2301,DPB1*8001+DPB1*8701,,,,,
DPB1*200101+DPB1*2802,DPB1*5601+DPB1*9801,,,,,
DPB1*030101/0502/2702+DPB1*9801,DPB1*200101+DPB1*350101,DPB1*200102+DPB1*350101,,,,
DPB1*200101+DPB1*4501,DPB1*2501+DPB1*9101,,,,,
DPB1*200101+DPB1*5601,DPB1*8701+DPB1*9201,,,,,
DPB1*200101+DPB1*6501,DPB1*2701+DPB1*5701,,,,,
DPB1*200101+DPB1*7601,DPB1*9101+DPB1*9201,,,,,
DPB1*030101/0502/2702+DPB1*9801,DPB1*200102+DPB1*350101,,,,,
DPB1*2002+DPB1*350101,DPB1*260102+DPB1*8601,,,,,
DPB1*2002+DPB1*5701,DPB1*2901+DPB1*3901,,,,,
DPB1*2002+DPB1*9801,DPB1*2701+DPB1*8601,,,,,
DPB1*2101+DPB1*2301,DPB1*3601+DPB1*7101,,,,,
DPB1*0901+DPB1*3601,DPB1*2101+DPB1*350101,,,,,
DPB1*2101+DPB1*5101,DPB1*3601+DPB1*8101,,,,,
DPB1*2101+DPB1*6501,DPB1*2201+DPB1*260102,,,,,
DPB1*2101+DPB1*7901,DPB1*3601+DPB1*3701,,,,,
DPB1*2101+DPB1*8001,DPB1*3601+DPB1*4601,,,,,
DPB1*2101+DPB1*8301,DPB1*3601+DPB1*410101,,,,,
DPB1*0501+DPB1*0901,DPB1*2201+DPB1*350101,,,,,
DPB1*2201+DPB1*6601,DPB1*2401+DPB1*5801,,,,,
DPB1*2301+DPB1*3701,DPB1*7101+DPB1*7901,,,,,
DPB1*2301+DPB1*410101,DPB1*7101+DPB1*8301,,,,,
DPB1*2301+DPB1*4601,DPB1*7101+DPB1*8001,,,,,
DPB1*2401+DPB1*2901,DPB1*4701+DPB1*9201,,,,,
DPB1*1401+DPB1*7901,DPB1*2501+DPB1*350101,,,,,
DPB1*2501+DPB1*3901,DPB1*260102+DPB1*5901,DPB1*2701+DPB1*7301,DPB1*4901+DPB1*5201,,,
DPB1*2501+DPB1*4001,DPB1*5201+DPB1*5301,,,,,
DPB1*2501+DPB1*6701,DPB1*4501+DPB1*5201,,,,,
DPB1*2501+DPB1*7201,DPB1*5601+DPB1*5901,,,,,
DPB1*2501+DPB1*7501,DPB1*7301+DPB1*7901,,,,,
DPB1*2501+DPB1*7601,DPB1*4501+DPB1*9201,,,,,
DPB1*2501+DPB1*8901,DPB1*2502+DPB1*8701,,,,,
DPB1*2501+DPB1*9801,DPB1*7901+DPB1*9101,,,,,
DPB1*260102+DPB1*2801,DPB1*5301+DPB1*5601,,,,,
DPB1*260102+DPB1*3001,DPB1*2701+DPB1*5401,,,,,
DPB1*260102+DPB1*4601,DPB1*3901+DPB1*8801,,,,,
DPB1*260102+DPB1*6801,DPB1*6501+DPB1*7901,,,,,
DPB1*260102+DPB1*7201,DPB1*3901+DPB1*5601,,,,,
DPB1*260102+DPB1*8201,DPB1*7501+DPB1*8501,,,,,
DPB1*260102+DPB1*8701,DPB1*2701+DPB1*5201,,,,,
DPB1*260102+DPB1*9301,DPB1*2701+DPB1*3701,,,,,
DPB1*260102+DPB1*9801,DPB1*2701+DPB1*350101,DPB1*350101+DPB1*8501,,,,
DPB1*2701+DPB1*5901,DPB1*4901+DPB1*8701,,,,,
DPB1*2801+DPB1*3901,DPB1*5301+DPB1*7201,,,,,
DPB1*2802+DPB1*3901,DPB1*6501+DPB1*6601,,,,,
DPB1*030101/0502/2702+DPB1*0901,DPB1*1401+DPB1*8801,DPB1*2901+DPB1*350101,,,,
DPB1*2901+DPB1*5801,DPB1*4401+DPB1*5501,,,,,
DPB1*2901+DPB1*6601,DPB1*5601+DPB1*8601,,,,,
DPB1*2901+DPB1*7501,DPB1*7301+DPB1*8801,,,,,
DPB1*3001+DPB1*350101,DPB1*5401+DPB1*9801,,,,,
DPB1*3001+DPB1*3701,DPB1*5401+DPB1*9301,,,,,
DPB1*3001+DPB1*5201,DPB1*5401+DPB1*8701,,,,,
DPB1*3001+DPB1*7101,DPB1*4701+DPB1*5501,,,,,
DPB1*3001+DPB1*7301,DPB1*4501+DPB1*4701,DPB1*5401+DPB1*5901,,,,
DPB1*3001+DPB1*8001,DPB1*4701+DPB1*9801,,,,,
DPB1*040101+DPB1*0901,DPB1*2802+DPB1*4601,DPB1*3301+DPB1*350101,,,,
DPB1*3301+DPB1*4901,DPB1*3901+DPB1*8101,,,,,
DPB1*3301+DPB1*5201,DPB1*5601+DPB1*7101,,,,,
DPB1*3301+DPB1*5301,DPB1*4001+DPB1*8101,,,,,
DPB1*0901+DPB1*7901,DPB1*350101+DPB1*3701,,,,,
DPB1*0901+DPB1*8301,DPB1*350101+DPB1*410101,,,,,
DPB1*0901+DPB1*8001,DPB1*350101+DPB1*4601,,,,,
DPB1*350101+DPB1*4701,DPB1*5401+DPB1*8001,,,,,
DPB1*0901+DPB1*1902,DPB1*350101+DPB1*4801,,,,,
DPB1*030101/0502/2702+DPB1*2802,DPB1*350101+DPB1*5601,,,,,
DPB1*0402/0602+DPB1*1401,DPB1*1401+DPB1*8201,DPB1*350101+DPB1*5901,DPB1*4501+DPB1*8001,DPB1*7301+DPB1*9801,DPB1*7501+DPB1*9101,
DPB1*0901+DPB1*2301,DPB1*350101+DPB1*7101,,,,,
DPB1*040101+DPB1*1401,DPB1*1002+DPB1*2802,DPB1*2301+DPB1*7601,DPB1*350101+DPB1*7201,DPB1*5701+DPB1*6601,,
DPB1*1401+DPB1*7501,DPB1*350101+DPB1*7301,,,,,
DPB1*0901+DPB1*5101,DPB1*350101+DPB1*8101,,,,,
DPB1*350101+DPB1*8201,DPB1*7501+DPB1*9801,,,,,
DPB1*260102+DPB1*9801,DPB1*350101+DPB1*8501,,,,,
DPB1*350101+DPB1*8701,DPB1*5201+DPB1*9801,,,,,
DPB1*010101+DPB1*9801,DPB1*350101+DPB1*8901,,,,,
DPB1*1401+DPB1*9801,DPB1*350101+DPB1*9101,,,,,
DPB1*1701+DPB1*7901,DPB1*350101+DPB1*9301,DPB1*3701+DPB1*9801,,,,
DPB1*3701+DPB1*5101,DPB1*7901+DPB1*8101,,,,,
DPB1*3701+DPB1*8301,DPB1*410101+DPB1*7901,,,,,
DPB1*3701+DPB1*8701,DPB1*5201+DPB1*9301,,,,,
DPB1*3901+DPB1*4501,DPB1*4901+DPB1*6701,,,,,
DPB1*3901+DPB1*5301,DPB1*4001+DPB1*4901,,,,,
DPB1*4001+DPB1*4501,DPB1*5301+DPB1*6701,,,,,
DPB1*410101+DPB1*5101,DPB1*8101+DPB1*8301,,,,,
DPB1*410101+DPB1*8001,DPB1*4601+DPB1*8301,,,,,
DPB1*4401+DPB1*5101,DPB1*4801+DPB1*9201,,,,,
DPB1*4401+DPB1*7101,DPB1*8801+DPB1*9501,,,,,
DPB1*4401+DPB1*7201,DPB1*9201+DPB1*9501,,,,,
DPB1*4601+DPB1*5101,DPB1*8001+DPB1*8101,,,,,
DPB1*4801+DPB1*5201,DPB1*7901+DPB1*9501,,,,,
DPB1*4801+DPB1*6701,DPB1*5801+DPB1*7301,,,,,
DPB1*4801+DPB1*7201,DPB1*5101+DPB1*9501,,,,,
DPB1*5201+DPB1*5901,DPB1*7301+DPB1*8701,,,,,
DPB1*5601+DPB1*9101,DPB1*7601+DPB1*8701,,,,,
" "," "," "," "," "," "," "
