DRB1*010101,DRB1*010105," "," ",DRB1*010101/010105
DRB1*03010101,DRB1*03010102,DRB1*030108," ",DRB1*0301G1
DRB1*030501,DRB1*030502," "," ",DRB1*030501/030502
DRB1*040301,DRB1*040303," "," ",DRB1*040301/040303
DRB1*040501,DRB1*040503,DRB1*040504," ",DRB1*0405G1
DRB1*040601,DRB1*040602," "," ",DRB1*040601/040602
DRB1*040701,DRB1*040703," "," ",DRB1*040701/040703
DRB1*041701,DRB1*041702," "," ",DRB1*041701/041702
DRB1*07010101,DRB1*07010102," "," ",DRB1*070101
DRB1*080101,DRB1*080103,DRB1*080105," ",DRB1*0801G1
DRB1*080201,DRB1*080202," "," ",DRB1*080201/080202
DRB1*080401,DRB1*080404," "," ",DRB1*080401/080404
DRB1*080402,DRB1*080403," "," ",DRB1*080402/080403
DRB1*110101,DRB1*110102,DRB1*110106,DRB1*110108,DRB1*1101G1
DRB1*110103,DRB1*110111," "," ",DRB1*110103/110111
DRB1*110401,DRB1*110402," "," ",DRB1*110401/110402
DRB1*110801,DRB1*110802," "," ",DRB1*110801/110802
DRB1*111001,DRB1*111002," "," ",DRB1*111001/111002
DRB1*111101,DRB1*111102," "," ",DRB1*111101/111102
DRB1*111301,DRB1*111302," "," ",DRB1*111301/111302
DRB1*111401,DRB1*111402," "," ",DRB1*111401/111402
DRB1*116501,DRB1*116502," "," ",DRB1*116501/116502
DRB1*120101,DRB1*1206,DRB1*1210,DRB1*1217,DRB1*12G1
DRB1*130301,DRB1*130302," "," ",DRB1*130301/130302
DRB1*130501,DRB1*130502," "," ",DRB1*130501/130502
DRB1*131401,DRB1*131403," "," ",DRB1*131401/131403
DRB1*132101,DRB1*132102," "," ",DRB1*132101/132102
DRB1*133302,DRB1*133303," "," ",DRB1*133302/133303
DRB1*140101,DRB1*1454," "," ",DRB1*140101/1454
DRB1*140601,DRB1*140602," "," ",DRB1*140601/140602
DRB1*140701,DRB1*140702," "," ",DRB1*140701/140702
DRB1*15010101,DRB1*15010102," "," ",DRB1*150101
DRB1*150202,DRB1*150205," "," ",DRB1*150202/150205
DRB1*15030101,DRB1*15030102," "," ",DRB1*150301
